2026-09-21 15:40:18,022 | Testing code 0000...
2026-09-21 15:40:18,022 | Code failed!
2026-09-21 15:40:19,250 | Testing code 0001...
2026-09-21 15:40:19,250 | Code failed!
2026-09-21 15:40:19,257 | [Ciclo 1] 4.63s | index atual: 2 | csrf: nuiYQ05DJaJf6PUNUl47tCIxNyCJmVT7
2026-09-21 15:40:22,865 | Testing code 0002...
2026-09-21 15:40:22,865 | Code failed!
2026-09-21 15:40:24,002 | Testing code 0003...
2026-09-21 15:40:24,002 | Code failed!
2026-09-21 15:40:24,006 | [Ciclo 2] 4.75s | index atual: 4 | csrf: sayhsJ2BWu1UDRiq0NKnhJdnKT7K3OK3
2026-09-21 15:40:27,545 | Testing code 0004...
2026-09-21 15:40:27,545 | Code failed!
2026-09-21 15:40:28,705 | Testing code 0005...
2026-09-21 15:40:28,705 | Code failed!
2026-09-21 15:40:28,709 | [Ciclo 3] 4.70s | index atual: 6 | csrf: kv84OZL6a0kABXpa7lTyv7RqP2aEydrH
2026-09-21 15:41:23,705 | Testing code 0000...
2026-09-21 15:41:23,706 | Code failed!
2026-09-21 15:41:24,870 | Testing code 0001...
2026-09-21 15:41:24,870 | Code failed!
2026-09-21 15:41:24,874 | [Cycle 1] 4.61s | index atual: 2 | csrf: n7C8gNcYHr6gYKm1V47QnPgcmXyCwODb
2026-09-21 15:41:28,242 | Testing code 0002...
2026-09-21 15:41:28,242 | Code failed!
2026-09-21 15:41:29,388 | Testing code 0003...
2026-09-21 15:41:29,388 | Code failed!
2026-09-21 15:41:29,392 | [Cycle 2] 4.52s | index atual: 4 | csrf: VRk9wqjSulZSd5IbT5WnGKCP9SYzffL4
2026-09-21 15:41:32,755 | Testing code 0004...
2026-09-21 15:41:32,755 | Code failed!
2026-09-21 15:41:33,867 | Testing code 0005...
2026-09-21 15:41:33,867 | Code failed!
2026-09-21 15:41:33,871 | [Cycle 3] 4.48s | index atual: 6 | csrf: iar5wIk194EkaV7rWNwrebH4luSBEPCD
2026-09-21 15:41:37,318 | Testing code 0006...
2026-09-21 15:41:37,319 | Code failed!
2026-09-21 15:41:38,465 | Testing code 0007...
2026-09-21 15:41:38,465 | Code failed!
2026-09-21 15:41:38,468 | [Cycle 4] 4.60s | index atual: 8 | csrf: WSFVBAseJQXtWMCfv8djQ4Blko8YIKjB
2026-09-21 15:41:41,839 | Testing code 0008...
2026-09-21 15:41:41,839 | Code failed!
2026-09-21 15:41:42,999 | Testing code 0009...
2026-09-21 15:41:43,000 | Code failed!
2026-09-21 15:41:43,003 | [Cycle 5] 4.53s | index atual: 10 | csrf: D1ToNQiIKy3otC9mt8eese6V8bHpIusj
2026-09-21 15:41:46,381 | Testing code 0010...
2026-09-21 15:41:46,381 | Code failed!
2026-09-21 15:41:47,495 | Testing code 0011...
2026-09-21 15:41:47,495 | Code failed!
2026-09-21 15:41:47,499 | [Cycle 6] 4.50s | index atual: 12 | csrf: T3IlSjwcveFog6NYPxoKE0sTGaK2CQcv
2026-09-21 15:41:50,903 | Testing code 0012...
2026-09-21 15:41:50,903 | Code failed!
2026-09-21 15:41:52,018 | Testing code 0013...
2026-09-21 15:41:52,018 | Code failed!
2026-09-21 15:41:52,022 | [Cycle 7] 4.52s | index atual: 14 | csrf: 1sIZsYVc6qf9LPbRw0p2YjPQud9tJUy6
2026-09-21 15:41:55,407 | Testing code 0014...
2026-09-21 15:41:55,407 | Code failed!
2026-09-21 15:41:56,728 | Testing code 0015...
2026-09-21 15:41:56,728 | Code failed!
2026-09-21 15:41:56,732 | [Cycle 8] 4.71s | index atual: 16 | csrf: 2EK6GW6CUXdgnOjw706TguW65VRdlHPP
2026-09-21 15:42:00,120 | Testing code 0016...
2026-09-21 15:42:00,120 | Code failed!
2026-09-21 15:42:01,267 | Testing code 0017...
2026-09-21 15:42:01,267 | Code failed!
2026-09-21 15:42:01,271 | [Cycle 9] 4.54s | index atual: 18 | csrf: 2bu08E7joGwKKpsmJZhNX2NQOfk55leg
2026-09-21 15:42:04,682 | Testing code 0018...
2026-09-21 15:42:04,682 | Code failed!
2026-09-21 15:42:05,823 | Testing code 0019...
2026-09-21 15:42:05,824 | Code failed!
2026-09-21 15:42:05,829 | [Cycle 10] 4.56s | index atual: 20 | csrf: WfWTBrPxhK5ore3r6ty9iJJ51TET7iko
2026-09-21 15:42:09,622 | Testing code 0020...
2026-09-21 15:42:09,622 | Code failed!
2026-09-21 15:42:10,871 | Testing code 0021...
2026-09-21 15:42:10,871 | Code failed!
2026-09-21 15:42:10,876 | [Cycle 11] 5.05s | index atual: 22 | csrf: RwQPUPacDf2rhS44Qvc01Pv0dJRfRpZs
2026-09-21 15:42:14,548 | Testing code 0022...
2026-09-21 15:42:14,549 | Code failed!
2026-09-21 15:42:15,714 | Testing code 0023...
2026-09-21 15:42:15,714 | Code failed!
2026-09-21 15:42:15,718 | [Cycle 12] 4.84s | index atual: 24 | csrf: OW7hMFAHowlpoJjHdhKth6VKbwqFx9KM
2026-09-21 15:42:19,196 | Testing code 0024...
2026-09-21 15:42:19,196 | Code failed!
2026-09-21 15:42:20,382 | Testing code 0025...
2026-09-21 15:42:20,382 | Code failed!
2026-09-21 15:42:20,388 | [Cycle 13] 4.67s | index atual: 26 | csrf: cypK5qWKF3smpN5UVuJP3rUuhbu8Kt7Z
2026-09-21 15:42:24,080 | Testing code 0026...
2026-09-21 15:42:24,080 | Code failed!
2026-09-21 15:42:25,259 | Testing code 0027...
2026-09-21 15:42:25,260 | Code failed!
2026-09-21 15:42:25,266 | [Cycle 14] 4.88s | index atual: 28 | csrf: 9oMryA7FtSWfqKREDzWG1B9Aapavwm8M
2026-09-21 15:42:28,773 | Testing code 0028...
2026-09-21 15:42:28,773 | Code failed!
2026-09-21 15:42:29,985 | Testing code 0029...
2026-09-21 15:42:29,985 | Code failed!
2026-09-21 15:42:29,989 | [Cycle 15] 4.72s | index atual: 30 | csrf: dSXkI5sWhT1n7gW8jxgjN5DlXkWT7hpU
2026-09-21 15:42:33,974 | Testing code 0030...
2026-09-21 15:42:33,975 | Code failed!
2026-09-21 15:42:35,258 | Testing code 0031...
2026-09-21 15:42:35,258 | Code failed!
2026-09-21 15:42:35,264 | [Cycle 16] 5.27s | index atual: 32 | csrf: Gs2wmp0Qv3wlNXC0dZlC0OoNU3VHLwtu
2026-09-21 15:42:39,273 | Testing code 0032...
2026-09-21 15:42:39,274 | Code failed!
2026-09-21 15:42:40,507 | Testing code 0033...
2026-09-21 15:42:40,508 | Code failed!
2026-09-21 15:42:40,514 | [Cycle 17] 5.25s | index atual: 34 | csrf: 3BccXjTqW2t9loPUE1p0R7yxY2jsiVOk
2026-09-21 15:42:44,161 | Testing code 0034...
2026-09-21 15:42:44,161 | Code failed!
2026-09-21 15:42:45,483 | Testing code 0035...
2026-09-21 15:42:45,483 | Code failed!
2026-09-21 15:42:45,487 | [Cycle 18] 4.97s | index atual: 36 | csrf: qlrEtxAtYmORf2U4ncOMvAteqGjtbvNU
2026-09-21 15:42:48,910 | Testing code 0036...
2026-09-21 15:42:48,910 | Code failed!
2026-09-21 15:42:50,064 | Testing code 0037...
2026-09-21 15:42:50,064 | Code failed!
2026-09-21 15:42:50,068 | [Cycle 19] 4.58s | index atual: 38 | csrf: 8hZeFEuhPqwAGOQXQr2fuYYWwCvp8lcd
2026-09-21 15:42:53,544 | Testing code 0038...
2026-09-21 15:42:53,544 | Code failed!
2026-09-21 15:42:54,664 | Testing code 0039...
2026-09-21 15:42:54,664 | Code failed!
2026-09-21 15:42:54,667 | [Cycle 20] 4.60s | index atual: 40 | csrf: 3oObICMu8BjVFIDKDa6i5d4rHOGWdfFN
2026-09-21 15:42:58,118 | Testing code 0040...
2026-09-21 15:42:58,118 | Code failed!
2026-09-21 15:42:59,256 | Testing code 0041...
2026-09-21 15:42:59,256 | Code failed!
2026-09-21 15:42:59,260 | [Cycle 21] 4.59s | index atual: 42 | csrf: dzS5BUZiG8B19COCC6QrXIom1GCfdtGU
2026-09-21 15:43:02,667 | Testing code 0042...
2026-09-21 15:43:02,667 | Code failed!
2026-09-21 15:43:03,814 | Testing code 0043...
2026-09-21 15:43:03,814 | Code failed!
2026-09-21 15:43:03,818 | [Cycle 22] 4.56s | index atual: 44 | csrf: BbmYD8EtB6JvoKh7SgLglLfQequK2mFI
2026-09-21 15:43:07,330 | Testing code 0044...
2026-09-21 15:43:07,330 | Code failed!
2026-09-21 15:43:08,503 | Testing code 0045...
2026-09-21 15:43:08,503 | Code failed!
2026-09-21 15:43:08,508 | [Cycle 23] 4.69s | index atual: 46 | csrf: RXAt0SpYpSDAF3oObvElr4OEnuZSNzIe
2026-09-21 15:43:11,916 | Testing code 0046...
2026-09-21 15:43:11,916 | Code failed!
2026-09-21 15:43:13,052 | Testing code 0047...
2026-09-21 15:43:13,052 | Code failed!
2026-09-21 15:43:13,056 | [Cycle 24] 4.55s | index atual: 48 | csrf: 55mQGjRjHTikf7URKwfJnQZBGMcPvtsb
2026-09-21 15:43:16,497 | Testing code 0048...
2026-09-21 15:43:16,497 | Code failed!
2026-09-21 15:43:17,645 | Testing code 0049...
2026-09-21 15:43:17,645 | Code failed!
2026-09-21 15:43:17,648 | [Cycle 25] 4.59s | index atual: 50 | csrf: S4HswtDiafoSjLN52bpX2HVc4EfYmmPo
2026-09-21 15:43:21,081 | Testing code 0050...
2026-09-21 15:43:21,081 | Code failed!
2026-09-21 15:43:22,195 | Testing code 0051...
2026-09-21 15:43:22,195 | Code failed!
2026-09-21 15:43:22,199 | [Cycle 26] 4.55s | index atual: 52 | csrf: SJNpSNNqu36dqiPYnRllbXMaaOh3o4It
2026-09-21 15:43:25,766 | Testing code 0052...
2026-09-21 15:43:25,766 | Code failed!
2026-09-21 15:43:27,061 | Testing code 0053...
2026-09-21 15:43:27,062 | Code failed!
2026-09-21 15:43:27,070 | [Cycle 27] 4.87s | index atual: 54 | csrf: FHxxcD44cOVVVSJpBH0zp3rv4vFnLw8D
2026-09-21 15:43:31,110 | Testing code 0054...
2026-09-21 15:43:31,111 | Code failed!
2026-09-21 15:43:32,343 | Testing code 0055...
2026-09-21 15:43:32,343 | Code failed!
2026-09-21 15:43:32,349 | [Cycle 28] 5.28s | index atual: 56 | csrf: jYRihkzFhXWUt17a1pH8whJSHuOjj5sf
2026-09-21 15:43:35,888 | Testing code 0056...
2026-09-21 15:43:35,889 | Code failed!
2026-09-21 15:43:37,003 | Testing code 0057...
2026-09-21 15:43:37,004 | Code failed!
2026-09-21 15:43:37,007 | [Cycle 29] 4.66s | index atual: 58 | csrf: TeuByqEP2rEzvwDKHpBNjWl5UH1oUh5t
2026-09-21 15:43:40,454 | Testing code 0058...
2026-09-21 15:43:40,454 | Code failed!
2026-09-21 15:43:41,569 | Testing code 0059...
2026-09-21 15:43:41,570 | Code failed!
2026-09-21 15:43:41,574 | [Cycle 30] 4.57s | index atual: 60 | csrf: dxW91HjIBnh9o2NuAEhIUHCjpiWWlIsz
2026-09-21 15:43:44,991 | Testing code 0060...
2026-09-21 15:43:44,991 | Code failed!
2026-09-21 15:43:46,148 | Testing code 0061...
2026-09-21 15:43:46,148 | Code failed!
2026-09-21 15:43:46,152 | [Cycle 31] 4.58s | index atual: 62 | csrf: y77f96Dw2O6UbZy70gszRZIMCUJiDPR3
2026-09-21 15:43:49,617 | Testing code 0062...
2026-09-21 15:43:49,617 | Code failed!
2026-09-21 15:43:50,825 | Testing code 0063...
2026-09-21 15:43:50,826 | Code failed!
2026-09-21 15:43:50,830 | [Cycle 32] 4.68s | index atual: 64 | csrf: a5PuBLuna3W4BWQkua7uAGCESTfJCE2o
2026-09-21 15:43:54,242 | Testing code 0064...
2026-09-21 15:43:54,242 | Code failed!
2026-09-21 15:43:55,421 | Testing code 0065...
2026-09-21 15:43:55,421 | Code failed!
2026-09-21 15:43:55,424 | [Cycle 33] 4.59s | index atual: 66 | csrf: xINvaotqfQOQGV2WgE5W2gGmYj8sF16r
2026-09-21 15:43:58,883 | Testing code 0066...
2026-09-21 15:43:58,883 | Code failed!
2026-09-21 15:44:00,008 | Testing code 0067...
2026-09-21 15:44:00,008 | Code failed!
2026-09-21 15:44:00,012 | [Cycle 34] 4.59s | index atual: 68 | csrf: qBTZdxUNYTZlZztLX5yts2tkhMKE1pey
2026-09-21 15:44:03,384 | Testing code 0068...
2026-09-21 15:44:03,384 | Code failed!
2026-09-21 15:44:04,538 | Testing code 0069...
2026-09-21 15:44:04,538 | Code failed!
2026-09-21 15:44:04,542 | [Cycle 35] 4.53s | index atual: 70 | csrf: tNVu4ppSWp5spDNiC1EvbCj4gQFQgKfm
2026-09-21 15:44:07,945 | Testing code 0070...
2026-09-21 15:44:07,945 | Code failed!
2026-09-21 15:44:09,086 | Testing code 0071...
2026-09-21 15:44:09,086 | Code failed!
2026-09-21 15:44:09,090 | [Cycle 36] 4.55s | index atual: 72 | csrf: M7qmFfjVcBuscDNLB3nqHfPDjHpY2O5t
2026-09-21 15:44:12,514 | Testing code 0072...
2026-09-21 15:44:12,514 | Code failed!
2026-09-21 15:44:13,632 | Testing code 0073...
2026-09-21 15:44:13,632 | Code failed!
2026-09-21 15:44:13,636 | [Cycle 37] 4.54s | index atual: 74 | csrf: dZevQy5JjABKuSlObQw4vhzvMaOKs0Hx
2026-09-21 15:44:17,106 | Testing code 0074...
2026-09-21 15:44:17,106 | Code failed!
2026-09-21 15:44:18,240 | Testing code 0075...
2026-09-21 15:44:18,240 | Code failed!
2026-09-21 15:44:18,244 | [Cycle 38] 4.61s | index atual: 76 | csrf: pkEsHUaluJnaQaH58ewYFhgyORhJcGwe
2026-09-21 15:44:21,886 | Testing code 0076...
2026-09-21 15:44:21,886 | Code failed!
2026-09-21 15:44:23,035 | Testing code 0077...
2026-09-21 15:44:23,035 | Code failed!
2026-09-21 15:44:23,039 | [Cycle 39] 4.79s | index atual: 78 | csrf: HVkNLA7v5pvgQIrxZAB1dp6MAbHZP9vw
2026-09-21 15:44:26,548 | Testing code 0078...
2026-09-21 15:44:26,549 | Code failed!
2026-09-21 15:44:27,720 | Testing code 0079...
2026-09-21 15:44:27,721 | Code failed!
2026-09-21 15:44:27,724 | [Cycle 40] 4.69s | index atual: 80 | csrf: oGBL6Tkvzxig9mgpr2SO11TSW9WXKYyr
2026-09-21 15:44:31,169 | Testing code 0080...
2026-09-21 15:44:31,169 | Code failed!
2026-09-21 15:44:32,359 | Testing code 0081...
2026-09-21 15:44:32,359 | Code failed!
2026-09-21 15:44:32,363 | [Cycle 41] 4.64s | index atual: 82 | csrf: YypYD1Dc684LDOrBeZ3UX7EYApI7iwps
2026-09-21 15:44:35,813 | Testing code 0082...
2026-09-21 15:44:35,813 | Code failed!
2026-09-21 15:44:37,010 | Testing code 0083...
2026-09-21 15:44:37,010 | Code failed!
2026-09-21 15:44:37,014 | [Cycle 42] 4.65s | index atual: 84 | csrf: kOxC7nUSsaXrU9BZwQ1TAEqSr5ys6hzb
2026-09-21 15:44:40,456 | Testing code 0084...
2026-09-21 15:44:40,456 | Code failed!
2026-09-21 15:44:41,618 | Testing code 0085...
2026-09-21 15:44:41,618 | Code failed!
2026-09-21 15:44:41,622 | [Cycle 43] 4.61s | index atual: 86 | csrf: yECN4P1lGHn8mDnYm0E6PZd0LJB5Z1Bg
2026-09-21 15:44:45,097 | Testing code 0086...
2026-09-21 15:44:45,097 | Code failed!
2026-09-21 15:44:46,219 | Testing code 0087...
2026-09-21 15:44:46,220 | Code failed!
2026-09-21 15:44:46,223 | [Cycle 44] 4.60s | index atual: 88 | csrf: CUywerklpiglZRsdwoq0BM5uu9w5ZLiw
2026-09-21 15:44:49,685 | Testing code 0088...
2026-09-21 15:44:49,685 | Code failed!
2026-09-21 15:44:50,826 | Testing code 0089...
2026-09-21 15:44:50,826 | Code failed!
2026-09-21 15:44:50,830 | [Cycle 45] 4.61s | index atual: 90 | csrf: Apk0pVWlE8gRD056NFa6ObQSciVfFwyl
2026-09-21 15:44:54,231 | Testing code 0090...
2026-09-21 15:44:54,232 | Code failed!
2026-09-21 15:44:55,378 | Testing code 0091...
2026-09-21 15:44:55,378 | Code failed!
2026-09-21 15:44:55,382 | [Cycle 46] 4.55s | index atual: 92 | csrf: bQIKw9OsYMSUyngr39rncmWVEbORIonB
2026-09-21 15:44:58,869 | Testing code 0092...
2026-09-21 15:44:58,869 | Code failed!
2026-09-21 15:45:00,038 | Testing code 0093...
2026-09-21 15:45:00,038 | Code failed!
2026-09-21 15:45:00,042 | [Cycle 47] 4.66s | index atual: 94 | csrf: Rts0vKgyb1SX8a9CrTJUAjxarK2lVK0U
2026-09-21 15:45:03,562 | Testing code 0094...
2026-09-21 15:45:03,563 | Code failed!
2026-09-21 15:45:04,703 | Testing code 0095...
2026-09-21 15:45:04,704 | Code failed!
2026-09-21 15:45:04,707 | [Cycle 48] 4.67s | index atual: 96 | csrf: qJXwwt4yV2G3bsNP2Ssez59k1Okr4dNP
2026-09-21 15:45:08,144 | Testing code 0096...
2026-09-21 15:45:08,144 | Code failed!
2026-09-21 15:45:09,320 | Testing code 0097...
2026-09-21 15:45:09,320 | Code failed!
2026-09-21 15:45:09,324 | [Cycle 49] 4.62s | index atual: 98 | csrf: WDRysCfATAMKdwNy6VplWE67hogJUXlv
2026-09-21 15:45:12,763 | Testing code 0098...
2026-09-21 15:45:12,763 | Code failed!
2026-09-21 15:45:13,907 | Testing code 0099...
2026-09-21 15:45:13,907 | Code failed!
2026-09-21 15:45:13,911 | [Cycle 50] 4.59s | index atual: 100 | csrf: dRTNfJUQxYpC7MBYXeyGRrv4hV0LLTHH
2026-09-21 15:45:17,382 | Testing code 0100...
2026-09-21 15:45:17,382 | Code failed!
2026-09-21 15:45:18,575 | Testing code 0101...
2026-09-21 15:45:18,575 | Code failed!
2026-09-21 15:45:18,579 | [Cycle 51] 4.67s | index atual: 102 | csrf: tdDBHMT0IQu9ApFdueGm6jyWgjl2ZUIA
2026-09-21 15:45:22,118 | Testing code 0102...
2026-09-21 15:45:22,118 | Code failed!
2026-09-21 15:45:23,266 | Testing code 0103...
2026-09-21 15:45:23,266 | Code failed!
2026-09-21 15:45:23,270 | [Cycle 52] 4.69s | index atual: 104 | csrf: IYUvnNP2kluDfLVr0LmyMkhRHIJb3Iaj
2026-09-21 15:45:26,787 | Testing code 0104...
2026-09-21 15:45:26,787 | Code failed!
2026-09-21 15:45:27,982 | Testing code 0105...
2026-09-21 15:45:27,983 | Code failed!
2026-09-21 15:45:27,987 | [Cycle 53] 4.72s | index atual: 106 | csrf: w7TZ8CbOwhJsg9TC9iMP89HOnKXEKBio
2026-09-21 15:45:31,321 | Testing code 0106...
2026-09-21 15:45:31,321 | Code failed!
2026-09-21 15:45:32,456 | Testing code 0107...
2026-09-21 15:45:32,456 | Code failed!
2026-09-21 15:45:32,460 | [Cycle 54] 4.47s | index atual: 108 | csrf: w3SuJhexxVVilsAe621fQxzHaqRkCddy
2026-09-21 15:45:35,939 | Testing code 0108...
2026-09-21 15:45:35,939 | Code failed!
2026-09-21 15:45:37,168 | Testing code 0109...
2026-09-21 15:45:37,169 | Code failed!
2026-09-21 15:45:37,172 | [Cycle 55] 4.71s | index atual: 110 | csrf: TDDR6Q1TKYSu9L4SRStmrGyvwl1QF1Yx
2026-09-21 15:45:40,689 | Testing code 0110...
2026-09-21 15:45:40,689 | Code failed!
2026-09-21 15:45:41,888 | Testing code 0111...
2026-09-21 15:45:41,888 | Code failed!
2026-09-21 15:45:41,892 | [Cycle 56] 4.72s | index atual: 112 | csrf: azMYGPlGDBhWOtZksMcHeI19pcoYdEaO
2026-09-21 15:45:45,309 | Testing code 0112...
2026-09-21 15:45:45,309 | Code failed!
2026-09-21 15:45:46,467 | Testing code 0113...
2026-09-21 15:45:46,467 | Code failed!
2026-09-21 15:45:46,471 | [Cycle 57] 4.58s | index atual: 114 | csrf: 9gHNUhRMCm71Y1ERGxqQOECZYFv8JIpB
2026-09-21 15:45:49,952 | Testing code 0114...
2026-09-21 15:45:49,952 | Code failed!
2026-09-21 15:45:51,143 | Testing code 0115...
2026-09-21 15:45:51,143 | Code failed!
2026-09-21 15:45:51,147 | [Cycle 58] 4.68s | index atual: 116 | csrf: PUDekEez5iQg5t9DDPRhaAkFZVRk8xzP
2026-09-21 15:45:54,682 | Testing code 0116...
2026-09-21 15:45:54,682 | Code failed!
2026-09-21 15:45:55,809 | Testing code 0117...
2026-09-21 15:45:55,810 | Code failed!
2026-09-21 15:45:55,813 | [Cycle 59] 4.67s | index atual: 118 | csrf: uHlVXsgJzD65aIKLhKkbBPxiDvL9N7dR
2026-09-21 15:45:59,318 | Testing code 0118...
2026-09-21 15:45:59,318 | Code failed!
2026-09-21 15:46:00,463 | Testing code 0119...
2026-09-21 15:46:00,463 | Code failed!
2026-09-21 15:46:00,466 | [Cycle 60] 4.65s | index atual: 120 | csrf: EMZDhtSlf9MfURJs23eQN1VncD92NJqs
2026-09-21 15:46:03,931 | Testing code 0120...
2026-09-21 15:46:03,932 | Code failed!
2026-09-21 15:46:05,099 | Testing code 0121...
2026-09-21 15:46:05,099 | Code failed!
2026-09-21 15:46:05,103 | [Cycle 61] 4.64s | index atual: 122 | csrf: n3sF86KOf6IstI4LUvK8QaTn86CPdbvK
2026-09-21 15:46:08,520 | Testing code 0122...
2026-09-21 15:46:08,520 | Code failed!
2026-09-21 15:46:09,625 | Testing code 0123...
2026-09-21 15:46:09,625 | Code failed!
2026-09-21 15:46:09,629 | [Cycle 62] 4.53s | index atual: 124 | csrf: jIj3pq4GYs90sFsga0vSGjFmcHHwpM7a
2026-09-21 15:46:13,075 | Testing code 0124...
2026-09-21 15:46:13,075 | Code failed!
2026-09-21 15:46:14,265 | Testing code 0125...
2026-09-21 15:46:14,265 | Code failed!
2026-09-21 15:46:14,269 | [Cycle 63] 4.64s | index atual: 126 | csrf: 0pntmI5xl2GAUpCOJqw4Y79BRXwvgmYD
2026-09-21 15:46:17,713 | Testing code 0126...
2026-09-21 15:46:17,714 | Code failed!
2026-09-21 15:46:18,890 | Testing code 0127...
2026-09-21 15:46:18,890 | Code failed!
2026-09-21 15:46:18,894 | [Cycle 64] 4.62s | index atual: 128 | csrf: XydGDXdnoEw4TDENXoijQGrmMGLd8qjF
2026-09-21 15:46:22,513 | Testing code 0128...
2026-09-21 15:46:22,513 | Code failed!
2026-09-21 15:46:23,736 | Testing code 0129...
2026-09-21 15:46:23,736 | Code failed!
2026-09-21 15:46:23,742 | [Cycle 65] 4.85s | index atual: 130 | csrf: dWcssVpIYR9uRYFI4m21VsWOJvkRvcHD
2026-09-21 15:46:27,307 | Testing code 0130...
2026-09-21 15:46:27,308 | Code failed!
2026-09-21 15:46:28,476 | Testing code 0131...
2026-09-21 15:46:28,476 | Code failed!
2026-09-21 15:46:28,481 | [Cycle 66] 4.74s | index atual: 132 | csrf: 3Di8AJPJvAeVQSKqRSTmw6HKfS0V8S6n
2026-09-21 15:46:31,906 | Testing code 0132...
2026-09-21 15:46:31,906 | Code failed!
2026-09-21 15:46:33,047 | Testing code 0133...
2026-09-21 15:46:33,047 | Code failed!
2026-09-21 15:46:33,050 | [Cycle 67] 4.57s | index atual: 134 | csrf: VRKswzd74zvHDVxeujIUslxOzIhrcvGe
2026-09-21 15:46:36,675 | Testing code 0134...
2026-09-21 15:46:36,675 | Code failed!
2026-09-21 15:46:37,839 | Testing code 0135...
2026-09-21 15:46:37,839 | Code failed!
2026-09-21 15:46:37,845 | [Cycle 68] 4.79s | index atual: 136 | csrf: ZALhIH9ae2vdrygYGvZ5lrxLKHQ8UldA
2026-09-21 15:46:41,360 | Testing code 0136...
2026-09-21 15:46:41,360 | Code failed!
2026-09-21 15:46:42,507 | Testing code 0137...
2026-09-21 15:46:42,507 | Code failed!
2026-09-21 15:46:42,511 | [Cycle 69] 4.67s | index atual: 138 | csrf: unEjydVDEdmuPkWd2tQwpy21NhMvhiDi
2026-09-21 15:46:46,063 | Testing code 0138...
2026-09-21 15:46:46,063 | Code failed!
2026-09-21 15:46:47,234 | Testing code 0139...
2026-09-21 15:46:47,234 | Code failed!
2026-09-21 15:46:47,238 | [Cycle 70] 4.73s | index atual: 140 | csrf: VlOG11N24vWKPFYR0cT9j6nPqrciQdKy
2026-09-21 15:46:50,642 | Testing code 0140...
2026-09-21 15:46:50,642 | Code failed!
2026-09-21 15:46:51,785 | Testing code 0141...
2026-09-21 15:46:51,785 | Code failed!
2026-09-21 15:46:51,789 | [Cycle 71] 4.55s | index atual: 142 | csrf: OnCX4j3T7XXAJ1Hwxp4Jc2lhbwjlcs2e
2026-09-21 15:46:55,229 | Testing code 0142...
2026-09-21 15:46:55,229 | Code failed!
2026-09-21 15:46:56,345 | Testing code 0143...
2026-09-21 15:46:56,345 | Code failed!
2026-09-21 15:46:56,349 | [Cycle 72] 4.56s | index atual: 144 | csrf: dnhxMjrVx7vM4AmBf7VjJ8PLAKJN7v4H
2026-09-21 15:46:59,736 | Testing code 0144...
2026-09-21 15:46:59,736 | Code failed!
2026-09-21 15:47:00,851 | Testing code 0145...
2026-09-21 15:47:00,851 | Code failed!
2026-09-21 15:47:00,855 | [Cycle 73] 4.51s | index atual: 146 | csrf: P3S3t4n0xIT6jN3s1vnWw6a0fvhtHOFN
2026-09-21 15:47:04,222 | Testing code 0146...
2026-09-21 15:47:04,222 | Code failed!
2026-09-21 15:47:05,354 | Testing code 0147...
2026-09-21 15:47:05,355 | Code failed!
2026-09-21 15:47:05,359 | [Cycle 74] 4.50s | index atual: 148 | csrf: GWtsdmD2f920PFW1FJBDyXdxGJGhLk7f
2026-09-21 15:47:08,764 | Testing code 0148...
2026-09-21 15:47:08,764 | Code failed!
2026-09-21 15:47:09,901 | Testing code 0149...
2026-09-21 15:47:09,901 | Code failed!
2026-09-21 15:47:09,905 | [Cycle 75] 4.55s | index atual: 150 | csrf: gAaVTijxrIXNQWUYMy296hQXOP75IwQe
2026-09-21 15:47:13,351 | Testing code 0150...
2026-09-21 15:47:13,351 | Code failed!
2026-09-21 15:47:14,498 | Testing code 0151...
2026-09-21 15:47:14,499 | Code failed!
2026-09-21 15:47:14,502 | [Cycle 76] 4.60s | index atual: 152 | csrf: kgbNVVlehQ9gvkDzNMNWrny3gUuVp1zi
2026-09-21 15:47:17,915 | Testing code 0152...
2026-09-21 15:47:17,915 | Code failed!
2026-09-21 15:47:19,079 | Testing code 0153...
2026-09-21 15:47:19,080 | Code failed!
2026-09-21 15:47:19,083 | [Cycle 77] 4.58s | index atual: 154 | csrf: oRMA965vqgiWXIaYlBtHa5RmStAuyLIX
2026-09-21 15:47:22,581 | Testing code 0154...
2026-09-21 15:47:22,582 | Code failed!
2026-09-21 15:47:23,697 | Testing code 0155...
2026-09-21 15:47:23,697 | Code failed!
2026-09-21 15:47:23,701 | [Cycle 78] 4.62s | index atual: 156 | csrf: 76HYL7ktxtkYLpF7KO5WkwcuI4q3IuHO
2026-09-21 15:47:27,169 | Testing code 0156...
2026-09-21 15:47:27,170 | Code failed!
2026-09-21 15:47:28,346 | Testing code 0157...
2026-09-21 15:47:28,346 | Code failed!
2026-09-21 15:47:28,350 | [Cycle 79] 4.65s | index atual: 158 | csrf: BksSJBjFfDOYjBwLsJ6ZDyA4zLsF8XJg
2026-09-21 15:47:31,899 | Testing code 0158...
2026-09-21 15:47:31,899 | Code failed!
2026-09-21 15:47:33,069 | Testing code 0159...
2026-09-21 15:47:33,069 | Code failed!
2026-09-21 15:47:33,073 | [Cycle 80] 4.72s | index atual: 160 | csrf: uBPY5Xg0dqUobkG6FyAehrMzxqvAIwJa
2026-09-21 15:47:36,521 | Testing code 0160...
2026-09-21 15:47:36,521 | Code failed!
2026-09-21 15:47:37,694 | Testing code 0161...
2026-09-21 15:47:37,694 | Code failed!
2026-09-21 15:47:37,698 | [Cycle 81] 4.63s | index atual: 162 | csrf: hhmtr5IfMpG0wNBCfKjR7QVVq3Yh8IlS
2026-09-21 15:47:41,246 | Testing code 0162...
2026-09-21 15:47:41,247 | Code failed!
2026-09-21 15:47:42,437 | Testing code 0163...
2026-09-21 15:47:42,437 | Code failed!
2026-09-21 15:47:42,441 | [Cycle 82] 4.74s | index atual: 164 | csrf: ufBX7kel3omUKc5Wy26KJ5qugli3Nmai
2026-09-21 15:47:45,858 | Testing code 0164...
2026-09-21 15:47:45,858 | Code failed!
2026-09-21 15:47:47,069 | Testing code 0165...
2026-09-21 15:47:47,069 | Code failed!
2026-09-21 15:47:47,073 | [Cycle 83] 4.63s | index atual: 166 | csrf: wiwMD2kxUYGPus60ljpcKc4YShevEoUK
2026-09-21 15:47:50,533 | Testing code 0166...
2026-09-21 15:47:50,534 | Code failed!
2026-09-21 15:47:51,654 | Testing code 0167...
2026-09-21 15:47:51,654 | Code failed!
2026-09-21 15:47:51,657 | [Cycle 84] 4.58s | index atual: 168 | csrf: viEGk9eFuKqqjzyceQUiCTFv5eFRQF5m
2026-09-21 15:47:55,112 | Testing code 0168...
2026-09-21 15:47:55,112 | Code failed!
2026-09-21 15:47:56,265 | Testing code 0169...
2026-09-21 15:47:56,266 | Code failed!
2026-09-21 15:47:56,269 | [Cycle 85] 4.61s | index atual: 170 | csrf: gcVPNmLGc4xTjhVJaiZRQSfiluvx5WRC
2026-09-21 15:47:59,681 | Testing code 0170...
2026-09-21 15:47:59,681 | Code failed!
2026-09-21 15:48:00,817 | Testing code 0171...
2026-09-21 15:48:00,817 | Code failed!
2026-09-21 15:48:00,821 | [Cycle 86] 4.55s | index atual: 172 | csrf: tkwwMUtaimBnsN57Ao6fczA2MUaXOBWe
2026-09-21 15:48:04,315 | Testing code 0172...
2026-09-21 15:48:04,315 | Code failed!
2026-09-21 15:48:05,481 | Testing code 0173...
2026-09-21 15:48:05,481 | Code failed!
2026-09-21 15:48:05,485 | [Cycle 87] 4.66s | index atual: 174 | csrf: R75YdnwFka87zM3tYAg2a5tgsdETU6yV
2026-09-21 15:48:08,894 | Testing code 0174...
2026-09-21 15:48:08,894 | Code failed!
2026-09-21 15:48:10,068 | Testing code 0175...
2026-09-21 15:48:10,068 | Code failed!
2026-09-21 15:48:10,072 | [Cycle 88] 4.59s | index atual: 176 | csrf: Bt9VCvuxTlVEZyM0WdGSJRmhHUzHeZMy
2026-09-21 15:48:13,615 | Testing code 0176...
2026-09-21 15:48:13,615 | Code failed!
2026-09-21 15:48:14,742 | Testing code 0177...
2026-09-21 15:48:14,742 | Code failed!
2026-09-21 15:48:14,745 | [Cycle 89] 4.67s | index atual: 178 | csrf: mYqcESCwwlY4H8qpXqlABcVqbCFFh7ya
2026-09-21 15:48:18,186 | Testing code 0178...
2026-09-21 15:48:18,186 | Code failed!
2026-09-21 15:48:19,416 | Testing code 0179...
2026-09-21 15:48:19,416 | Code failed!
2026-09-21 15:48:19,420 | [Cycle 90] 4.67s | index atual: 180 | csrf: Pbu8OSLYVP5QZbqDtV7R3bhGMvpOgQCE
2026-09-21 15:48:22,920 | Testing code 0180...
2026-09-21 15:48:22,920 | Code failed!
2026-09-21 15:48:24,050 | Testing code 0181...
2026-09-21 15:48:24,050 | Code failed!
2026-09-21 15:48:24,054 | [Cycle 91] 4.63s | index atual: 182 | csrf: ohTZhetoIKWhYEaAfdQ0S7G5Cfl6fDqU
2026-09-21 15:48:27,437 | Testing code 0182...
2026-09-21 15:48:27,437 | Code failed!
2026-09-21 15:48:28,571 | Testing code 0183...
2026-09-21 15:48:28,571 | Code failed!
2026-09-21 15:48:28,574 | [Cycle 92] 4.52s | index atual: 184 | csrf: xmJ8KRdBGru6xrPa2YQmBRIhv8QbFpMo
2026-09-21 15:48:31,955 | Testing code 0184...
2026-09-21 15:48:31,955 | Code failed!
2026-09-21 15:48:33,066 | Testing code 0185...
2026-09-21 15:48:33,066 | Code failed!
2026-09-21 15:48:33,070 | [Cycle 93] 4.50s | index atual: 186 | csrf: Z0YFq9yHdbttEm0rwBUZYjB30Ugkxg8y
2026-09-21 15:48:36,490 | Testing code 0186...
2026-09-21 15:48:36,491 | Code failed!
2026-09-21 15:48:37,625 | Testing code 0187...
2026-09-21 15:48:37,626 | Code failed!
2026-09-21 15:48:37,629 | [Cycle 94] 4.56s | index atual: 188 | csrf: 2GLaxIHZSG6sS4Wv0rUIKmES7OWhO3IO
2026-09-21 15:48:41,065 | Testing code 0188...
2026-09-21 15:48:41,065 | Code failed!
2026-09-21 15:48:42,211 | Testing code 0189...
2026-09-21 15:48:42,211 | Code failed!
2026-09-21 15:48:42,214 | [Cycle 95] 4.59s | index atual: 190 | csrf: bGyoZzUFXU9vPmdlgAeirqFrnsnHI7K2
2026-09-21 15:48:45,593 | Testing code 0190...
2026-09-21 15:48:45,593 | Code failed!
2026-09-21 15:48:46,729 | Testing code 0191...
2026-09-21 15:48:46,729 | Code failed!
2026-09-21 15:48:46,732 | [Cycle 96] 4.52s | index atual: 192 | csrf: oJ4vz3KiyxgTziZDMipjK1rQbqBVQCjE
2026-09-21 15:48:50,080 | Testing code 0192...
2026-09-21 15:48:50,080 | Code failed!
2026-09-21 15:48:51,254 | Testing code 0193...
2026-09-21 15:48:51,254 | Code failed!
2026-09-21 15:48:51,258 | [Cycle 97] 4.53s | index atual: 194 | csrf: oR1gJoGTmiQzRewaQ4MXcAeghMVitLcc
2026-09-21 15:48:54,710 | Testing code 0194...
2026-09-21 15:48:54,710 | Code failed!
2026-09-21 15:48:55,822 | Testing code 0195...
2026-09-21 15:48:55,822 | Code failed!
2026-09-21 15:48:55,826 | [Cycle 98] 4.57s | index atual: 196 | csrf: VQNRAEPJb5VUEWnmNx3P878ZCs5KAZ0L
2026-09-21 15:48:59,210 | Testing code 0196...
2026-09-21 15:48:59,211 | Code failed!
2026-09-21 15:49:00,329 | Testing code 0197...
2026-09-21 15:49:00,329 | Code failed!
2026-09-21 15:49:00,332 | [Cycle 99] 4.51s | index atual: 198 | csrf: MvbSnHAeCsKAfzBC3o4Zyx40sSN4WRmN
2026-09-21 15:49:03,742 | Testing code 0198...
2026-09-21 15:49:03,743 | Code failed!
2026-09-21 15:49:04,879 | Testing code 0199...
2026-09-21 15:49:04,879 | Code failed!
2026-09-21 15:49:04,883 | [Cycle 100] 4.55s | index atual: 200 | csrf: PBOy2WJU5xypkyLnZsfCrYBh3VbEuSaB
2026-09-21 15:49:08,281 | Testing code 0200...
2026-09-21 15:49:08,281 | Code failed!
2026-09-21 15:49:09,446 | Testing code 0201...
2026-09-21 15:49:09,447 | Code failed!
2026-09-21 15:49:09,450 | [Cycle 101] 4.57s | index atual: 202 | csrf: XfJcRWcZCFMfVfHCT6LZzbchltXtMFBP
2026-09-21 15:49:12,826 | Testing code 0202...
2026-09-21 15:49:12,826 | Code failed!
2026-09-21 15:49:13,956 | Testing code 0203...
2026-09-21 15:49:13,956 | Code failed!
2026-09-21 15:49:13,959 | [Cycle 102] 4.51s | index atual: 204 | csrf: hguaSM60EKSrClui8LnKWxWbSyVTq1wf
2026-09-21 15:49:17,358 | Testing code 0204...
2026-09-21 15:49:17,359 | Code failed!
2026-09-21 15:49:18,514 | Testing code 0205...
2026-09-21 15:49:18,514 | Code failed!
2026-09-21 15:49:18,518 | [Cycle 103] 4.56s | index atual: 206 | csrf: 96FLJrAXDGn7raeHoZLqxlEesxE7yFS1
2026-09-21 15:49:21,995 | Testing code 0206...
2026-09-21 15:49:21,995 | Code failed!
2026-09-21 15:49:23,146 | Testing code 0207...
2026-09-21 15:49:23,146 | Code failed!
2026-09-21 15:49:23,149 | [Cycle 104] 4.63s | index atual: 208 | csrf: cQ6nK17wdZg7SBaqlPSu6evmEIgVtSzE
2026-09-21 15:49:26,586 | Testing code 0208...
2026-09-21 15:49:26,586 | Code failed!
2026-09-21 15:49:27,758 | Testing code 0209...
2026-09-21 15:49:27,758 | Code failed!
2026-09-21 15:49:27,761 | [Cycle 105] 4.61s | index atual: 210 | csrf: ixtjupScxD2MBKkRKMzayHEJE8qLVCgI
2026-09-21 15:49:31,270 | Testing code 0210...
2026-09-21 15:49:31,270 | Code failed!
2026-09-21 15:49:32,440 | Testing code 0211...
2026-09-21 15:49:32,440 | Code failed!
2026-09-21 15:49:32,443 | [Cycle 106] 4.68s | index atual: 212 | csrf: 6IvwDqGk2lKuEE0zWhzVY02An1S7j2xZ
2026-09-21 15:49:35,909 | Testing code 0212...
2026-09-21 15:49:35,909 | Code failed!
2026-09-21 15:49:37,053 | Testing code 0213...
2026-09-21 15:49:37,054 | Code failed!
2026-09-21 15:49:37,057 | [Cycle 107] 4.61s | index atual: 214 | csrf: EhqZ1rnWId1ztr7lYlB1blB33rUnVjUI
2026-09-21 15:49:40,616 | Testing code 0214...
2026-09-21 15:49:40,617 | Code failed!
2026-09-21 15:49:41,764 | Testing code 0215...
2026-09-21 15:49:41,764 | Code failed!
2026-09-21 15:49:41,767 | [Cycle 108] 4.71s | index atual: 216 | csrf: ReAZ7RrcTRB8W1T0Q8wnxfi0uahbtEQa
2026-09-21 15:49:45,252 | Testing code 0216...
2026-09-21 15:49:45,253 | Code failed!
2026-09-21 15:49:46,401 | Testing code 0217...
2026-09-21 15:49:46,401 | Code failed!
2026-09-21 15:49:46,404 | [Cycle 109] 4.64s | index atual: 218 | csrf: wKHjTkaYZkTE7ReytyKpuE3oPvjEaQrb
2026-09-21 15:49:49,851 | Testing code 0218...
2026-09-21 15:49:49,851 | Code failed!
2026-09-21 15:49:50,997 | Testing code 0219...
2026-09-21 15:49:50,997 | Code failed!
2026-09-21 15:49:51,001 | [Cycle 110] 4.60s | index atual: 220 | csrf: UUpa4tE5cQV1i9h5ZUAinpksutIRIUVm
2026-09-21 15:49:54,442 | Testing code 0220...
2026-09-21 15:49:54,442 | Code failed!
2026-09-21 15:49:55,629 | Testing code 0221...
2026-09-21 15:49:55,629 | Code failed!
2026-09-21 15:49:55,633 | [Cycle 111] 4.63s | index atual: 222 | csrf: cBOg8y9tjYalyYyb5S083z190gEM9KLS
2026-09-21 15:49:59,134 | Testing code 0222...
2026-09-21 15:49:59,135 | Code failed!
2026-09-21 15:50:00,310 | Testing code 0223...
2026-09-21 15:50:00,310 | Code failed!
2026-09-21 15:50:00,315 | [Cycle 112] 4.68s | index atual: 224 | csrf: Asj1zsbpfui5yBvEnAPldObtUf5DPr00
2026-09-21 15:50:03,843 | Testing code 0224...
2026-09-21 15:50:03,843 | Code failed!
2026-09-21 15:50:04,989 | Testing code 0225...
2026-09-21 15:50:04,990 | Code failed!
2026-09-21 15:50:04,993 | [Cycle 113] 4.68s | index atual: 226 | csrf: SHLPHkPIZWfya34a0mVffE8x599taGJ9
2026-09-21 15:50:08,544 | Testing code 0226...
2026-09-21 15:50:08,544 | Code failed!
2026-09-21 15:50:09,657 | Testing code 0227...
2026-09-21 15:50:09,657 | Code failed!
2026-09-21 15:50:09,661 | [Cycle 114] 4.67s | index atual: 228 | csrf: YerNxjkLrT1q3i1RdF05oQR0nhkAiWNP
2026-09-21 15:50:13,097 | Testing code 0228...
2026-09-21 15:50:13,097 | Code failed!
2026-09-21 15:50:14,239 | Testing code 0229...
2026-09-21 15:50:14,240 | Code failed!
2026-09-21 15:50:14,243 | [Cycle 115] 4.58s | index atual: 230 | csrf: AADV69dt6UhCEPG9WH5dz4f1bMg6bqLl
2026-09-21 15:50:17,701 | Testing code 0230...
2026-09-21 15:50:17,701 | Code failed!
2026-09-21 15:50:18,824 | Testing code 0231...
2026-09-21 15:50:18,825 | Code failed!
2026-09-21 15:50:18,828 | [Cycle 116] 4.58s | index atual: 232 | csrf: fin2dvFrItdp3KSZTfxbSbV7DzEBaU25
2026-09-21 15:50:22,387 | Testing code 0232...
2026-09-21 15:50:22,388 | Code failed!
2026-09-21 15:50:23,531 | Testing code 0233...
2026-09-21 15:50:23,531 | Code failed!
2026-09-21 15:50:23,535 | [Cycle 117] 4.71s | index atual: 234 | csrf: jCBOsssjYETc6TCpRPGUzo2fljGEWXLI
2026-09-21 15:50:26,987 | Testing code 0234...
2026-09-21 15:50:26,987 | Code failed!
2026-09-21 15:50:28,127 | Testing code 0235...
2026-09-21 15:50:28,127 | Code failed!
2026-09-21 15:50:28,131 | [Cycle 118] 4.60s | index atual: 236 | csrf: Lm9lZuFxh9CglqtwpEewvp0NoJEHDCKv
2026-09-21 15:50:31,540 | Testing code 0236...
2026-09-21 15:50:31,540 | Code failed!
2026-09-21 15:50:32,679 | Testing code 0237...
2026-09-21 15:50:32,679 | Code failed!
2026-09-21 15:50:32,683 | [Cycle 119] 4.55s | index atual: 238 | csrf: izwdcr2qgQWQZw851c3gjQMhlR7rhqQL
2026-09-21 15:50:36,012 | Testing code 0238...
2026-09-21 15:50:36,013 | Code failed!
2026-09-21 15:50:37,177 | Testing code 0239...
2026-09-21 15:50:37,177 | Code failed!
2026-09-21 15:50:37,180 | [Cycle 120] 4.50s | index atual: 240 | csrf: pLtDaq3hqGcy6QDrgubEWUmq403keAbu
2026-09-21 15:50:40,601 | Testing code 0240...
2026-09-21 15:50:40,601 | Code failed!
2026-09-21 15:50:41,762 | Testing code 0241...
2026-09-21 15:50:41,762 | Code failed!
2026-09-21 15:50:41,765 | [Cycle 121] 4.58s | index atual: 242 | csrf: VlgtedDnPREO4Y23lW7KsVcdV8XJEGah
2026-09-21 15:50:45,150 | Testing code 0242...
2026-09-21 15:50:45,150 | Code failed!
2026-09-21 15:50:46,256 | Testing code 0243...
2026-09-21 15:50:46,256 | Code failed!
2026-09-21 15:50:46,260 | [Cycle 122] 4.49s | index atual: 244 | csrf: szgoPhC0ymkZgNQBiAGilAq9U4Mic8PY
2026-09-21 15:50:49,635 | Testing code 0244...
2026-09-21 15:50:49,635 | Code failed!
2026-09-21 15:50:50,752 | Testing code 0245...
2026-09-21 15:50:50,752 | Code failed!
2026-09-21 15:50:50,756 | [Cycle 123] 4.50s | index atual: 246 | csrf: tQv3tdl1y43mPjFGTGCJjKoL7bQSH64v
2026-09-21 15:50:54,181 | Testing code 0246...
2026-09-21 15:50:54,181 | Code failed!
2026-09-21 15:50:55,319 | Testing code 0247...
2026-09-21 15:50:55,319 | Code failed!
2026-09-21 15:50:55,322 | [Cycle 124] 4.57s | index atual: 248 | csrf: FRTK3yxB5BWaC2jFEWlueMbATBac86HU
2026-09-21 15:50:58,743 | Testing code 0248...
2026-09-21 15:50:58,743 | Code failed!
2026-09-21 15:50:59,882 | Testing code 0249...
2026-09-21 15:50:59,882 | Code failed!
2026-09-21 15:50:59,886 | [Cycle 125] 4.56s | index atual: 250 | csrf: 43xVbF3wkuavwwEGzbl1a00L9XsHwc0l
2026-09-21 15:51:03,324 | Testing code 0250...
2026-09-21 15:51:03,324 | Code failed!
2026-09-21 15:51:04,440 | Testing code 0251...
2026-09-21 15:51:04,440 | Code failed!
2026-09-21 15:51:04,443 | [Cycle 126] 4.56s | index atual: 252 | csrf: QeViEWKv4Il3BXo4h59PMVJscIxMxMYf
2026-09-21 15:51:07,856 | Testing code 0252...
2026-09-21 15:51:07,856 | Code failed!
2026-09-21 15:51:08,980 | Testing code 0253...
2026-09-21 15:51:08,980 | Code failed!
2026-09-21 15:51:08,984 | [Cycle 127] 4.54s | index atual: 254 | csrf: ttZ73gfrPmWO0x58R98yzVlKxo5koq3f
2026-09-21 15:51:12,371 | Testing code 0254...
2026-09-21 15:51:12,371 | Code failed!
2026-09-21 15:51:13,532 | Testing code 0255...
2026-09-21 15:51:13,532 | Code failed!
2026-09-21 15:51:13,535 | [Cycle 128] 4.55s | index atual: 256 | csrf: ZD5rAQKanvTsQ5ORjcBe052we86rMFse
2026-09-21 15:51:16,955 | Testing code 0256...
2026-09-21 15:51:16,955 | Code failed!
2026-09-21 15:51:18,101 | Testing code 0257...
2026-09-21 15:51:18,101 | Code failed!
2026-09-21 15:51:18,105 | [Cycle 129] 4.57s | index atual: 258 | csrf: de5gGcGcgM702FpCyux0fZ8ODfw3ACFz
2026-09-21 15:51:21,633 | Testing code 0258...
2026-09-21 15:51:21,633 | Code failed!
2026-09-21 15:51:22,762 | Testing code 0259...
2026-09-21 15:51:22,762 | Code failed!
2026-09-21 15:51:22,766 | [Cycle 130] 4.65s | index atual: 260 | csrf: yynD5rC5fGasouThb7BXTOXKkaWcAHvT
2026-09-21 15:51:26,195 | Testing code 0260...
2026-09-21 15:51:26,195 | Code failed!
2026-09-21 15:51:27,343 | Testing code 0261...
2026-09-21 15:51:27,343 | Code failed!
2026-09-21 15:51:27,347 | [Cycle 131] 4.58s | index atual: 262 | csrf: 2Vn97GBwA6uz9bKS1ZqiW6YQKhs4Tx6j
2026-09-21 15:51:30,765 | Testing code 0262...
2026-09-21 15:51:30,765 | Code failed!
2026-09-21 15:51:31,879 | Testing code 0263...
2026-09-21 15:51:31,880 | Code failed!
2026-09-21 15:51:31,883 | [Cycle 132] 4.54s | index atual: 264 | csrf: NzL18syVZrlNJhDSCa59ddGwjM6BXhS9
2026-09-21 15:51:35,466 | Testing code 0264...
2026-09-21 15:51:35,466 | Code failed!
2026-09-21 15:51:36,625 | Testing code 0265...
2026-09-21 15:51:36,625 | Code failed!
2026-09-21 15:51:36,629 | [Cycle 133] 4.75s | index atual: 266 | csrf: 64HvvzU2fFazOCXycJ9WvMmB4AAYzLpy
2026-09-21 15:51:40,015 | Testing code 0266...
2026-09-21 15:51:40,015 | Code failed!
2026-09-21 15:51:41,159 | Testing code 0267...
2026-09-21 15:51:41,160 | Code failed!
2026-09-21 15:51:41,163 | [Cycle 134] 4.53s | index atual: 268 | csrf: 03owkJ4QGZwS4diZFdh64yRdB53dAeEN
2026-09-21 15:51:44,617 | Testing code 0268...
2026-09-21 15:51:44,618 | Code failed!
2026-09-21 15:51:45,757 | Testing code 0269...
2026-09-21 15:51:45,757 | Code failed!
2026-09-21 15:51:45,762 | [Cycle 135] 4.60s | index atual: 270 | csrf: p9YX0hGaVO7vL21unMSyqHz8C39DqU9h
2026-09-21 15:51:49,173 | Testing code 0270...
2026-09-21 15:51:49,173 | Code failed!
2026-09-21 15:51:50,313 | Testing code 0271...
2026-09-21 15:51:50,313 | Code failed!
2026-09-21 15:51:50,317 | [Cycle 136] 4.55s | index atual: 272 | csrf: 15FG7BGa5pBSoYANlHWk6MaYQXdRt3OJ
2026-09-21 15:51:53,708 | Testing code 0272...
2026-09-21 15:51:53,708 | Code failed!
2026-09-21 15:51:54,898 | Testing code 0273...
2026-09-21 15:51:54,898 | Code failed!
2026-09-21 15:51:54,902 | [Cycle 137] 4.59s | index atual: 274 | csrf: L4agAoeZZuAW3EIz6Ufl9dXkL87OZEVL
2026-09-21 15:51:58,319 | Testing code 0274...
2026-09-21 15:51:58,319 | Code failed!
2026-09-21 15:51:59,466 | Testing code 0275...
2026-09-21 15:51:59,466 | Code failed!
2026-09-21 15:51:59,469 | [Cycle 138] 4.57s | index atual: 276 | csrf: 7Pu9duzvXiRGGLELScGyCdpBPnidpbQ4
2026-09-21 15:52:02,863 | Testing code 0276...
2026-09-21 15:52:02,863 | Code failed!
2026-09-21 15:52:03,981 | Testing code 0277...
2026-09-21 15:52:03,981 | Code failed!
2026-09-21 15:52:03,985 | [Cycle 139] 4.52s | index atual: 278 | csrf: cQEvdLRJTvylcoH71F2zXA0TmPjGxuSF
2026-09-21 15:52:07,376 | Testing code 0278...
2026-09-21 15:52:07,376 | Code failed!
2026-09-21 15:52:08,482 | Testing code 0279...
2026-09-21 15:52:08,482 | Code failed!
2026-09-21 15:52:08,486 | [Cycle 140] 4.50s | index atual: 280 | csrf: GD0lgsNAADRKQ4WZKTTyh78LgkT6511b
2026-09-21 15:52:11,913 | Testing code 0280...
2026-09-21 15:52:11,913 | Code failed!
2026-09-21 15:52:13,050 | Testing code 0281...
2026-09-21 15:52:13,050 | Code failed!
2026-09-21 15:52:13,053 | [Cycle 141] 4.57s | index atual: 282 | csrf: QayYBoArITau1VMmyBGnw6f2Jh7Ou2xU
2026-09-21 15:52:16,411 | Testing code 0282...
2026-09-21 15:52:16,411 | Code failed!
2026-09-21 15:52:17,518 | Testing code 0283...
2026-09-21 15:52:17,518 | Code failed!
2026-09-21 15:52:17,521 | [Cycle 142] 4.47s | index atual: 284 | csrf: COY1sWBhIgr305hYNyqOKOr9oSkBoC3z
2026-09-21 15:52:20,946 | Testing code 0284...
2026-09-21 15:52:20,946 | Code failed!
2026-09-21 15:52:22,106 | Testing code 0285...
2026-09-21 15:52:22,106 | Code failed!
2026-09-21 15:52:22,110 | [Cycle 143] 4.59s | index atual: 286 | csrf: H6eNpcQqjw8yk6pfqH9X5xAtZV7D3W6a
2026-09-21 15:52:25,557 | Testing code 0286...
2026-09-21 15:52:25,558 | Code failed!
2026-09-21 15:52:26,680 | Testing code 0287...
2026-09-21 15:52:26,680 | Code failed!
2026-09-21 15:52:26,684 | [Cycle 144] 4.57s | index atual: 288 | csrf: 2xMBNl6KilYLnt8bQBX4NVcTHkx5vzJe
2026-09-21 15:52:30,076 | Testing code 0288...
2026-09-21 15:52:30,076 | Code failed!
2026-09-21 15:52:31,241 | Testing code 0289...
2026-09-21 15:52:31,241 | Code failed!
2026-09-21 15:52:31,244 | [Cycle 145] 4.56s | index atual: 290 | csrf: Gh12h5pi9a5UmM4dc1baikt71kDRNCRE
2026-09-21 15:52:34,642 | Testing code 0290...
2026-09-21 15:52:34,642 | Code failed!
2026-09-21 15:52:35,785 | Testing code 0291...
2026-09-21 15:52:35,785 | Code failed!
2026-09-21 15:52:35,789 | [Cycle 146] 4.54s | index atual: 292 | csrf: CJ0SlxWrUQ3jQOACqD6m3lLkaEeyMLom
2026-09-21 15:52:39,171 | Testing code 0292...
2026-09-21 15:52:39,171 | Code failed!
2026-09-21 15:52:40,279 | Testing code 0293...
2026-09-21 15:52:40,279 | Code failed!
2026-09-21 15:52:40,282 | [Cycle 147] 4.49s | index atual: 294 | csrf: ICU3XkWBGei7BnFR9d3QoJEKx35z0NYz
2026-09-21 15:52:43,689 | Testing code 0294...
2026-09-21 15:52:43,690 | Code failed!
2026-09-21 15:52:44,832 | Testing code 0295...
2026-09-21 15:52:44,832 | Code failed!
2026-09-21 15:52:44,835 | [Cycle 148] 4.55s | index atual: 296 | csrf: bCWgvVS5Y1u0eI3MjDiCUGVHWeEKtfyb
2026-09-21 15:52:48,255 | Testing code 0296...
2026-09-21 15:52:48,255 | Code failed!
2026-09-21 15:52:49,404 | Testing code 0297...
2026-09-21 15:52:49,404 | Code failed!
2026-09-21 15:52:49,407 | [Cycle 149] 4.57s | index atual: 298 | csrf: LRA6MY7GqTs1io5xmXf8tRdlud8xQNrf
2026-09-21 15:52:52,794 | Testing code 0298...
2026-09-21 15:52:52,794 | Code failed!
2026-09-21 15:52:53,925 | Testing code 0299...
2026-09-21 15:52:53,925 | Code failed!
2026-09-21 15:52:53,929 | [Cycle 150] 4.52s | index atual: 300 | csrf: O6pGtRwplQFGfZmPcGjRCdKZYBTG6gl3
2026-09-21 15:52:58,099 | Testing code 0300...
2026-09-21 15:52:58,099 | Code failed!
2026-09-21 15:52:59,215 | Testing code 0301...
2026-09-21 15:52:59,215 | Code failed!
2026-09-21 15:52:59,219 | [Cycle 151] 5.29s | index atual: 302 | csrf: njt9zfwvMw6rS6GCvl7PXz3gvhQsnOke
2026-09-21 15:53:02,658 | Testing code 0302...
2026-09-21 15:53:02,658 | Code failed!
2026-09-21 15:53:03,768 | Testing code 0303...
2026-09-21 15:53:03,769 | Code failed!
2026-09-21 15:53:03,773 | [Cycle 152] 4.55s | index atual: 304 | csrf: mvH5idu77dpwze34svDIikgyctuOz3NC
2026-09-21 15:53:07,140 | Testing code 0304...
2026-09-21 15:53:07,140 | Code failed!
2026-09-21 15:53:08,255 | Testing code 0305...
2026-09-21 15:53:08,255 | Code failed!
2026-09-21 15:53:08,259 | [Cycle 153] 4.49s | index atual: 306 | csrf: GBFAYe7U7Mtu4DUhyBBkoOyIh7x1iZKp
2026-09-21 15:53:11,677 | Testing code 0306...
2026-09-21 15:53:11,677 | Code failed!
2026-09-21 15:53:12,821 | Testing code 0307...
2026-09-21 15:53:12,821 | Code failed!
2026-09-21 15:53:12,825 | [Cycle 154] 4.57s | index atual: 308 | csrf: sY0sJPyx5GExcHik8tRwbmsaIutfpCqC
2026-09-21 15:53:16,201 | Testing code 0308...
2026-09-21 15:53:16,201 | Code failed!
2026-09-21 15:53:17,365 | Testing code 0309...
2026-09-21 15:53:17,365 | Code failed!
2026-09-21 15:53:17,369 | [Cycle 155] 4.54s | index atual: 310 | csrf: bhMmqGjf8gNmgKe8wOuoKS6DtvS2RVy3
2026-09-21 15:53:20,798 | Testing code 0310...
2026-09-21 15:53:20,798 | Code failed!
2026-09-21 15:53:22,025 | Testing code 0311...
2026-09-21 15:53:22,025 | Code failed!
2026-09-21 15:53:22,029 | [Cycle 156] 4.66s | index atual: 312 | csrf: aiAGnwdyWmdWwJqWNPnFYlfEjgKhSpnq
2026-09-21 15:53:25,417 | Testing code 0312...
2026-09-21 15:53:25,417 | Code failed!
2026-09-21 15:53:26,557 | Testing code 0313...
2026-09-21 15:53:26,557 | Code failed!
2026-09-21 15:53:26,560 | [Cycle 157] 4.53s | index atual: 314 | csrf: cmOaTkAaXHh9ENmx1dig0dy3P3OT7F7J
2026-09-21 15:53:29,963 | Testing code 0314...
2026-09-21 15:53:29,963 | Code failed!
2026-09-21 15:53:31,100 | Testing code 0315...
2026-09-21 15:53:31,100 | Code failed!
2026-09-21 15:53:31,103 | [Cycle 158] 4.54s | index atual: 316 | csrf: CLMKOSE5bjq7wDbFJaeLmaNcTZ2dCCC5
2026-09-21 15:53:34,547 | Testing code 0316...
2026-09-21 15:53:34,547 | Code failed!
2026-09-21 15:53:35,691 | Testing code 0317...
2026-09-21 15:53:35,691 | Code failed!
2026-09-21 15:53:35,695 | [Cycle 159] 4.59s | index atual: 318 | csrf: p8MmG4yDW8i1sLNT9ijQSiCDuFqCxuYJ
2026-09-21 15:53:39,084 | Testing code 0318...
2026-09-21 15:53:39,085 | Code failed!
2026-09-21 15:53:40,198 | Testing code 0319...
2026-09-21 15:53:40,198 | Code failed!
2026-09-21 15:53:40,201 | [Cycle 160] 4.51s | index atual: 320 | csrf: 9K4nlWoIKfhztAmpCxS3MGbsNPdKT6Or
2026-09-21 15:53:43,650 | Testing code 0320...
2026-09-21 15:53:43,650 | Code failed!
2026-09-21 15:53:44,786 | Testing code 0321...
2026-09-21 15:53:44,787 | Code failed!
2026-09-21 15:53:44,790 | [Cycle 161] 4.59s | index atual: 322 | csrf: 2wYERTgJ3ChjmMyJQZBdOU7WW2RGn2bL
2026-09-21 15:53:48,186 | Testing code 0322...
2026-09-21 15:53:48,186 | Code failed!
2026-09-21 15:53:49,298 | Testing code 0323...
2026-09-21 15:53:49,299 | Code failed!
2026-09-21 15:53:49,302 | [Cycle 162] 4.51s | index atual: 324 | csrf: 7UCnvonhMPgYn1NoUIrTW6fx4w7CvYsI
2026-09-21 15:53:52,665 | Testing code 0324...
2026-09-21 15:53:52,665 | Code failed!
2026-09-21 15:53:53,865 | Testing code 0325...
2026-09-21 15:53:53,865 | Code failed!
2026-09-21 15:53:53,869 | [Cycle 163] 4.57s | index atual: 326 | csrf: uOWrySXJPxCYfPZCh30fPRPqe80yEX4G
2026-09-21 15:53:57,243 | Testing code 0326...
2026-09-21 15:53:57,243 | Code failed!
2026-09-21 15:53:58,412 | Testing code 0327...
2026-09-21 15:53:58,413 | Code failed!
2026-09-21 15:53:58,416 | [Cycle 164] 4.55s | index atual: 328 | csrf: qOzV5zHsr8DP2xKQD6rjS9lxGNwaUKe4
2026-09-21 15:54:01,822 | Testing code 0328...
2026-09-21 15:54:01,822 | Code failed!
2026-09-21 15:54:02,982 | Testing code 0329...
2026-09-21 15:54:02,982 | Code failed!
2026-09-21 15:54:02,986 | [Cycle 165] 4.57s | index atual: 330 | csrf: fyC2CJv1WAdVjRC4eh048IHR70JKH2TR
2026-09-21 15:54:06,381 | Testing code 0330...
2026-09-21 15:54:06,382 | Code failed!
2026-09-21 15:54:07,550 | Testing code 0331...
2026-09-21 15:54:07,550 | Code failed!
2026-09-21 15:54:07,553 | [Cycle 166] 4.57s | index atual: 332 | csrf: B70gISX9FSuRS7kpoX8xXMHu51BuvnhE
2026-09-21 15:54:10,903 | Testing code 0332...
2026-09-21 15:54:10,903 | Code failed!
2026-09-21 15:54:12,014 | Testing code 0333...
2026-09-21 15:54:12,014 | Code failed!
2026-09-21 15:54:12,018 | [Cycle 167] 4.46s | index atual: 334 | csrf: 6J4yznHvXufKnVpLmbQdoOgty5kL7V0j
2026-09-21 15:54:15,530 | Testing code 0334...
2026-09-21 15:54:15,530 | Code failed!
2026-09-21 15:54:16,683 | Testing code 0335...
2026-09-21 15:54:16,683 | Code failed!
2026-09-21 15:54:16,687 | [Cycle 168] 4.67s | index atual: 336 | csrf: CpX3CCZp8UJMYV40J77MgovDY6RUDXRr
2026-09-21 15:54:20,096 | Testing code 0336...
2026-09-21 15:54:20,096 | Code failed!
2026-09-21 15:54:21,261 | Testing code 0337...
2026-09-21 15:54:21,261 | Code failed!
2026-09-21 15:54:21,264 | [Cycle 169] 4.58s | index atual: 338 | csrf: TiiWyS1yuU5DSUnkoZe2JHhB70kOopW2
2026-09-21 15:54:24,722 | Testing code 0338...
2026-09-21 15:54:24,722 | Code failed!
2026-09-21 15:54:25,836 | Testing code 0339...
2026-09-21 15:54:25,836 | Code failed!
2026-09-21 15:54:25,839 | [Cycle 170] 4.57s | index atual: 340 | csrf: Pz6RMRH3e6yiz06wc0VhcyTGckXEtlui
2026-09-21 15:54:29,313 | Testing code 0340...
2026-09-21 15:54:29,313 | Code failed!
2026-09-21 15:54:30,484 | Testing code 0341...
2026-09-21 15:54:30,484 | Code failed!
2026-09-21 15:54:30,487 | [Cycle 171] 4.65s | index atual: 342 | csrf: kI6vrMjWjGWldrgYSIkNAcAGzSmBQxb2
2026-09-21 15:54:34,002 | Testing code 0342...
2026-09-21 15:54:34,002 | Code failed!
2026-09-21 15:54:35,172 | Testing code 0343...
2026-09-21 15:54:35,173 | Code failed!
2026-09-21 15:54:35,176 | [Cycle 172] 4.69s | index atual: 344 | csrf: x2xh6QmIdv1Mu7RqUJWqkMA3012FogF0
2026-09-21 15:54:38,658 | Testing code 0344...
2026-09-21 15:54:38,659 | Code failed!
2026-09-21 15:54:39,793 | Testing code 0345...
2026-09-21 15:54:39,793 | Code failed!
2026-09-21 15:54:39,797 | [Cycle 173] 4.62s | index atual: 346 | csrf: KAD1BE3WIUX3eE0DYZOnEWCpKIfF3WZw
2026-09-21 15:54:43,347 | Testing code 0346...
2026-09-21 15:54:43,347 | Code failed!
2026-09-21 15:54:44,576 | Testing code 0347...
2026-09-21 15:54:44,576 | Code failed!
2026-09-21 15:54:44,581 | [Cycle 174] 4.78s | index atual: 348 | csrf: 4mtgJJWml4j9EfbcFncWuzVpH3kquq9J
2026-09-21 15:54:48,047 | Testing code 0348...
2026-09-21 15:54:48,047 | Code failed!
2026-09-21 15:54:49,186 | Testing code 0349...
2026-09-21 15:54:49,186 | Code failed!
2026-09-21 15:54:49,190 | [Cycle 175] 4.61s | index atual: 350 | csrf: RhvG4H7epj1V2I90k12CsT9R5uRrLyU7
2026-09-21 15:54:52,794 | Testing code 0350...
2026-09-21 15:54:52,794 | Code failed!
2026-09-21 15:54:53,984 | Testing code 0351...
2026-09-21 15:54:53,984 | Code failed!
2026-09-21 15:54:53,989 | [Cycle 176] 4.80s | index atual: 352 | csrf: U9UERDTadMfdcOZN0luKzTrXASHctb8g
2026-09-21 15:54:57,444 | Testing code 0352...
2026-09-21 15:54:57,444 | Code failed!
2026-09-21 15:54:58,636 | Testing code 0353...
2026-09-21 15:54:58,636 | Code failed!
2026-09-21 15:54:58,640 | [Cycle 177] 4.65s | index atual: 354 | csrf: JDSmMlJ4Y0d2oF7h6dAWppFgNOhjkOMr
2026-09-21 15:55:02,124 | Testing code 0354...
2026-09-21 15:55:02,124 | Code failed!
2026-09-21 15:55:03,240 | Testing code 0355...
2026-09-21 15:55:03,241 | Code failed!
2026-09-21 15:55:03,244 | [Cycle 178] 4.60s | index atual: 356 | csrf: wVoH3iFbHdP9JSwdn67tTqLxLDcsWfIz
2026-09-21 15:55:06,785 | Testing code 0356...
2026-09-21 15:55:06,785 | Code failed!
2026-09-21 15:55:07,929 | Testing code 0357...
2026-09-21 15:55:07,929 | Code failed!
2026-09-21 15:55:07,932 | [Cycle 179] 4.69s | index atual: 358 | csrf: CFOyfsVg1AeuRjn2IfQIEmSdBxoZAg1q
2026-09-21 15:55:11,381 | Testing code 0358...
2026-09-21 15:55:11,381 | Code failed!
2026-09-21 15:55:12,520 | Testing code 0359...
2026-09-21 15:55:12,520 | Code failed!
2026-09-21 15:55:12,524 | [Cycle 180] 4.59s | index atual: 360 | csrf: MsMFEC4ayEBiRBsZBB3D88monAUCTswc
2026-09-21 15:55:16,018 | Testing code 0360...
2026-09-21 15:55:16,018 | Code failed!
2026-09-21 15:55:17,168 | Testing code 0361...
2026-09-21 15:55:17,168 | Code failed!
2026-09-21 15:55:17,172 | [Cycle 181] 4.65s | index atual: 362 | csrf: 94EGumbyyN5xTNvewF3Z7ckNnqQ6NTuj
2026-09-21 15:55:20,594 | Testing code 0362...
2026-09-21 15:55:20,594 | Code failed!
2026-09-21 15:55:21,773 | Testing code 0363...
2026-09-21 15:55:21,773 | Code failed!
2026-09-21 15:55:21,777 | [Cycle 182] 4.60s | index atual: 364 | csrf: rLBB73Phk0EvRClQPHaYpghowTu0Q2WI
2026-09-21 15:55:25,143 | Testing code 0364...
2026-09-21 15:55:25,143 | Code failed!
2026-09-21 15:55:26,302 | Testing code 0365...
2026-09-21 15:55:26,302 | Code failed!
2026-09-21 15:55:26,306 | [Cycle 183] 4.53s | index atual: 366 | csrf: GO9PxF3riQDWMXlzfkhA3WdSsXT5M4Ic
2026-09-21 15:55:29,651 | Testing code 0366...
2026-09-21 15:55:29,651 | Code failed!
2026-09-21 15:55:30,806 | Testing code 0367...
2026-09-21 15:55:30,806 | Code failed!
2026-09-21 15:55:30,810 | [Cycle 184] 4.50s | index atual: 368 | csrf: ALNtPp3kDIkjL5D07TNTz35tkTawiQli
2026-09-21 15:55:34,250 | Testing code 0368...
2026-09-21 15:55:34,250 | Code failed!
2026-09-21 15:55:35,387 | Testing code 0369...
2026-09-21 15:55:35,387 | Code failed!
2026-09-21 15:55:35,391 | [Cycle 185] 4.58s | index atual: 370 | csrf: R4FEdTaW3H7thQTDe9S8mZDi7Xjn8DZo
2026-09-21 15:55:38,796 | Testing code 0370...
2026-09-21 15:55:38,796 | Code failed!
2026-09-21 15:55:39,911 | Testing code 0371...
2026-09-21 15:55:39,912 | Code failed!
2026-09-21 15:55:39,915 | [Cycle 186] 4.52s | index atual: 372 | csrf: er8NenxHVI5Nl4A1isNI4EHf3TNtTDul
2026-09-21 15:55:43,349 | Testing code 0372...
2026-09-21 15:55:43,350 | Code failed!
2026-09-21 15:55:44,495 | Testing code 0373...
2026-09-21 15:55:44,495 | Code failed!
2026-09-21 15:55:44,498 | [Cycle 187] 4.58s | index atual: 374 | csrf: jJ30ePOc1G9SEGHMvop8dALtuUAAaOFD
2026-09-21 15:55:47,925 | Testing code 0374...
2026-09-21 15:55:47,925 | Code failed!
2026-09-21 15:55:49,035 | Testing code 0375...
2026-09-21 15:55:49,035 | Code failed!
2026-09-21 15:55:49,038 | [Cycle 188] 4.54s | index atual: 376 | csrf: JSphkTlVdeyOB5UV1A3HCStwijCliPdT
2026-09-21 15:55:52,456 | Testing code 0376...
2026-09-21 15:55:52,456 | Code failed!
2026-09-21 15:55:53,613 | Testing code 0377...
2026-09-21 15:55:53,613 | Code failed!
2026-09-21 15:55:53,616 | [Cycle 189] 4.58s | index atual: 378 | csrf: a6XEuiN1hGg2rYFL6Bg8YXNOVsj235fb
2026-09-21 15:55:57,033 | Testing code 0378...
2026-09-21 15:55:57,033 | Code failed!
2026-09-21 15:55:58,174 | Testing code 0379...
2026-09-21 15:55:58,174 | Code failed!
2026-09-21 15:55:58,178 | [Cycle 190] 4.56s | index atual: 380 | csrf: SA7vQ1LIgwRbCT9RCKLG14R9xBx5igtK
2026-09-21 15:56:01,611 | Testing code 0380...
2026-09-21 15:56:01,612 | Code failed!
2026-09-21 15:56:02,726 | Testing code 0381...
2026-09-21 15:56:02,727 | Code failed!
2026-09-21 15:56:02,730 | [Cycle 191] 4.55s | index atual: 382 | csrf: JmO9E6cBhuez69w3V8Qqm4xCwHC4PNgj
2026-09-21 15:56:06,113 | Testing code 0382...
2026-09-21 15:56:06,114 | Code failed!
2026-09-21 15:56:07,247 | Testing code 0383...
2026-09-21 15:56:07,247 | Code failed!
2026-09-21 15:56:07,250 | [Cycle 192] 4.52s | index atual: 384 | csrf: 6dpyhUQp5JCxzCYbfYtmUE5P6Qa5g6pB
2026-09-21 15:56:10,696 | Testing code 0384...
2026-09-21 15:56:10,696 | Code failed!
2026-09-21 15:56:11,854 | Testing code 0385...
2026-09-21 15:56:11,854 | Code failed!
2026-09-21 15:56:11,858 | [Cycle 193] 4.61s | index atual: 386 | csrf: 6klShzIydOlfRVZsBGdjJJKrpgPP9kw0
2026-09-21 15:56:15,272 | Testing code 0386...
2026-09-21 15:56:15,273 | Code failed!
2026-09-21 15:56:16,414 | Testing code 0387...
2026-09-21 15:56:16,414 | Code failed!
2026-09-21 15:56:16,418 | [Cycle 194] 4.56s | index atual: 388 | csrf: c1F0m5R8TDkzM0dMFNipMJtQUsl3k4Bi
2026-09-21 15:56:19,912 | Testing code 0388...
2026-09-21 15:56:19,913 | Code failed!
2026-09-21 15:56:21,026 | Testing code 0389...
2026-09-21 15:56:21,026 | Code failed!
2026-09-21 15:56:21,030 | [Cycle 195] 4.61s | index atual: 390 | csrf: IwZq8d9uvuyEJmpo6cjPoD3gD0ESxi4q
2026-09-21 15:56:24,570 | Testing code 0390...
2026-09-21 15:56:24,570 | Code failed!
2026-09-21 15:56:25,750 | Testing code 0391...
2026-09-21 15:56:25,750 | Code failed!
2026-09-21 15:56:25,754 | [Cycle 196] 4.72s | index atual: 392 | csrf: 5Et3H5NN3HYQNiXIwo73F7OguDXe2MDe
2026-09-21 15:56:29,291 | Testing code 0392...
2026-09-21 15:56:29,291 | Code failed!
2026-09-21 15:56:30,419 | Testing code 0393...
2026-09-21 15:56:30,419 | Code failed!
2026-09-21 15:56:30,422 | [Cycle 197] 4.67s | index atual: 394 | csrf: J4WLb1a17ciANBhQENCfQ7NB5Mmh4ZeD
2026-09-21 15:56:33,887 | Testing code 0394...
2026-09-21 15:56:33,887 | Code failed!
2026-09-21 15:56:35,015 | Testing code 0395...
2026-09-21 15:56:35,016 | Code failed!
2026-09-21 15:56:35,019 | [Cycle 198] 4.60s | index atual: 396 | csrf: t0E7kcjiAKMmUeoeigbhA150cglSndzi
2026-09-21 15:56:38,434 | Testing code 0396...
2026-09-21 15:56:38,434 | Code failed!
2026-09-21 15:56:39,585 | Testing code 0397...
2026-09-21 15:56:39,585 | Code failed!
2026-09-21 15:56:39,589 | [Cycle 199] 4.57s | index atual: 398 | csrf: 4oH7qVK0Q1CZeoP01W6PR1NelfLXajSy
2026-09-21 15:56:43,079 | Testing code 0398...
2026-09-21 15:56:43,079 | Code failed!
2026-09-21 15:56:44,194 | Testing code 0399...
2026-09-21 15:56:44,194 | Code failed!
2026-09-21 15:56:44,197 | [Cycle 200] 4.61s | index atual: 400 | csrf: 97AMKHZdcwAXV8MQHjAeN32IB3mP2ss7
2026-09-21 15:56:47,640 | Testing code 0400...
2026-09-21 15:56:47,641 | Code failed!
2026-09-21 15:56:48,814 | Testing code 0401...
2026-09-21 15:56:48,815 | Code failed!
2026-09-21 15:56:48,818 | [Cycle 201] 4.62s | index atual: 402 | csrf: xgajq63qNrK8gDmCbBu50JO8qBBQPW5x
2026-09-21 15:56:52,306 | Testing code 0402...
2026-09-21 15:56:52,306 | Code failed!
2026-09-21 15:56:53,480 | Testing code 0403...
2026-09-21 15:56:53,480 | Code failed!
2026-09-21 15:56:53,484 | [Cycle 202] 4.67s | index atual: 404 | csrf: CDNzTRdeCb6YokE4o9LlW2IwGxPZgAeI
2026-09-21 15:56:57,644 | Testing code 0404...
2026-09-21 15:56:57,644 | Code failed!
2026-09-21 15:56:58,851 | Testing code 0405...
2026-09-21 15:56:58,851 | Code failed!
2026-09-21 15:56:58,856 | [Cycle 203] 5.37s | index atual: 406 | csrf: c23j5XbLnPm47rlEcijySffIW3zrkCxs
2026-09-21 15:57:02,321 | Testing code 0406...
2026-09-21 15:57:02,321 | Code failed!
2026-09-21 15:57:03,470 | Testing code 0407...
2026-09-21 15:57:03,470 | Code failed!
2026-09-21 15:57:03,474 | [Cycle 204] 4.62s | index atual: 408 | csrf: 6WA4kMKtXcRJHadgKbsBc9KWtVcTRAqT
2026-09-21 15:57:06,950 | Testing code 0408...
2026-09-21 15:57:06,950 | Code failed!
2026-09-21 15:57:08,181 | Testing code 0409...
2026-09-21 15:57:08,182 | Code failed!
2026-09-21 15:57:08,185 | [Cycle 205] 4.71s | index atual: 410 | csrf: M9BifBQwMU2ig7GYZfXJwycToAGz8nWx
2026-09-21 15:57:11,812 | Testing code 0410...
2026-09-21 15:57:11,812 | Code failed!
2026-09-21 15:57:12,983 | Testing code 0411...
2026-09-21 15:57:12,983 | Code failed!
2026-09-21 15:57:12,986 | [Cycle 206] 4.80s | index atual: 412 | csrf: fDXpFJO7CFnj8G43wE2Vj3UTx0HZzdIw
2026-09-21 15:57:16,482 | Testing code 0412...
2026-09-21 15:57:16,482 | Code failed!
2026-09-21 15:57:17,631 | Testing code 0413...
2026-09-21 15:57:17,631 | Code failed!
2026-09-21 15:57:17,634 | [Cycle 207] 4.65s | index atual: 414 | csrf: PcEG8QK6paWjqGk0ZuYkZn1B9mm2uzeQ
2026-09-21 15:57:21,173 | Testing code 0414...
2026-09-21 15:57:21,173 | Code failed!
2026-09-21 15:57:22,317 | Testing code 0415...
2026-09-21 15:57:22,317 | Code failed!
2026-09-21 15:57:22,320 | [Cycle 208] 4.69s | index atual: 416 | csrf: ZovcnDXykLldrI0WUMvNtTPu0YgsCSKq
2026-09-21 15:57:25,718 | Testing code 0416...
2026-09-21 15:57:25,718 | Code failed!
2026-09-21 15:57:26,829 | Testing code 0417...
2026-09-21 15:57:26,829 | Code failed!
2026-09-21 15:57:26,833 | [Cycle 209] 4.51s | index atual: 418 | csrf: 321hmM8qQNBBAwSJTPqhRdq7UMAc6eXV
2026-09-21 15:57:30,200 | Testing code 0418...
2026-09-21 15:57:30,200 | Code failed!
2026-09-21 15:57:31,331 | Testing code 0419...
2026-09-21 15:57:31,331 | Code failed!
2026-09-21 15:57:31,334 | [Cycle 210] 4.50s | index atual: 420 | csrf: YBG9t6Mlgiyc8PzhuCcBCNAMnoBzCDsf
2026-09-21 15:57:34,737 | Testing code 0420...
2026-09-21 15:57:34,738 | Code failed!
2026-09-21 15:57:35,914 | Testing code 0421...
2026-09-21 15:57:35,914 | Code failed!
2026-09-21 15:57:35,917 | [Cycle 211] 4.58s | index atual: 422 | csrf: eEIMoHfnsW9GuqACYXZa342hnpwwMgQ0
2026-09-21 15:57:39,353 | Testing code 0422...
2026-09-21 15:57:39,353 | Code failed!
2026-09-21 15:57:40,493 | Testing code 0423...
2026-09-21 15:57:40,493 | Code failed!
2026-09-21 15:57:40,496 | [Cycle 212] 4.58s | index atual: 424 | csrf: UCUEv348KBfU7jWrMUPJBSahgY31nfLC
2026-09-21 15:57:43,940 | Testing code 0424...
2026-09-21 15:57:43,941 | Code failed!
2026-09-21 15:57:45,075 | Testing code 0425...
2026-09-21 15:57:45,075 | Code failed!
2026-09-21 15:57:45,079 | [Cycle 213] 4.58s | index atual: 426 | csrf: logB9S6MEGYPwGFHWpwdYgxEWafYggr1
2026-09-21 15:57:48,510 | Testing code 0426...
2026-09-21 15:57:48,510 | Code failed!
2026-09-21 15:57:49,674 | Testing code 0427...
2026-09-21 15:57:49,674 | Code failed!
2026-09-21 15:57:49,677 | [Cycle 214] 4.60s | index atual: 428 | csrf: ScwBSx2WLqDqmeJ2mjxpcNEvcJ35vHkC
2026-09-21 15:57:53,133 | Testing code 0428...
2026-09-21 15:57:53,133 | Code failed!
2026-09-21 15:57:54,300 | Testing code 0429...
2026-09-21 15:57:54,300 | Code failed!
2026-09-21 15:57:54,304 | [Cycle 215] 4.63s | index atual: 430 | csrf: Ec9ZejNYpZ3lRF7axPdP0aeLgcukFscE
2026-09-21 15:57:57,703 | Testing code 0430...
2026-09-21 15:57:57,704 | Code failed!
2026-09-21 15:57:58,843 | Testing code 0431...
2026-09-21 15:57:58,843 | Code failed!
2026-09-21 15:57:58,846 | [Cycle 216] 4.54s | index atual: 432 | csrf: xJ6rnhQakXxsCGfhYhvo8zemyKuXivzb
2026-09-21 15:58:02,284 | Testing code 0432...
2026-09-21 15:58:02,284 | Code failed!
2026-09-21 15:58:03,395 | Testing code 0433...
2026-09-21 15:58:03,395 | Code failed!
2026-09-21 15:58:03,399 | [Cycle 217] 4.55s | index atual: 434 | csrf: ko1xSnB5GXsWaZLcXy18m8RQ7SIz1B0v
2026-09-21 15:58:06,783 | Testing code 0434...
2026-09-21 15:58:06,783 | Code failed!
2026-09-21 15:58:07,925 | Testing code 0435...
2026-09-21 15:58:07,925 | Code failed!
2026-09-21 15:58:07,928 | [Cycle 218] 4.53s | index atual: 436 | csrf: oTv2zajlQa5suYHuLmIisA5EQJ5e39cs
2026-09-21 15:58:11,338 | Testing code 0436...
2026-09-21 15:58:11,338 | Code failed!
2026-09-21 15:58:12,471 | Testing code 0437...
2026-09-21 15:58:12,472 | Code failed!
2026-09-21 15:58:12,475 | [Cycle 219] 4.55s | index atual: 438 | csrf: 3nFEnF5lRKcenw4p1DU9arjLJT5N6FDI
2026-09-21 15:58:15,872 | Testing code 0438...
2026-09-21 15:58:15,872 | Code failed!
2026-09-21 15:58:17,092 | Testing code 0439...
2026-09-21 15:58:17,093 | Code failed!
2026-09-21 15:58:17,096 | [Cycle 220] 4.62s | index atual: 440 | csrf: a8mapHWCSjY9V0s8EAWpr7H31ohYS7Et
2026-09-21 15:58:20,514 | Testing code 0440...
2026-09-21 15:58:20,514 | Code failed!
2026-09-21 15:58:21,751 | Testing code 0441...
2026-09-21 15:58:21,751 | Code failed!
2026-09-21 15:58:21,754 | [Cycle 221] 4.66s | index atual: 442 | csrf: KqeqB33gASmnkdffpa12aMjoNG1hjvYZ
2026-09-21 15:58:25,259 | Testing code 0442...
2026-09-21 15:58:25,259 | Code failed!
2026-09-21 15:58:26,426 | Testing code 0443...
2026-09-21 15:58:26,427 | Code failed!
2026-09-21 15:58:26,430 | [Cycle 222] 4.68s | index atual: 444 | csrf: inqAWR8ry28rhmPCLVchNDMOCQowxRo5
2026-09-21 15:58:29,931 | Testing code 0444...
2026-09-21 15:58:29,931 | Code failed!
2026-09-21 15:58:31,107 | Testing code 0445...
2026-09-21 15:58:31,107 | Code failed!
2026-09-21 15:58:31,111 | [Cycle 223] 4.68s | index atual: 446 | csrf: zT6Hg9RbkZPDvE7kM5GiATa6RzOCvc8x
2026-09-21 15:58:34,607 | Testing code 0446...
2026-09-21 15:58:34,607 | Code failed!
2026-09-21 15:58:35,776 | Testing code 0447...
2026-09-21 15:58:35,776 | Code failed!
2026-09-21 15:58:35,780 | [Cycle 224] 4.67s | index atual: 448 | csrf: dxzak5COk4u5fBA5gHP8pwRVszZTBDxn
2026-09-21 15:58:39,290 | Testing code 0448...
2026-09-21 15:58:39,290 | Code failed!
2026-09-21 15:58:40,436 | Testing code 0449...
2026-09-21 15:58:40,436 | Code failed!
2026-09-21 15:58:40,439 | [Cycle 225] 4.66s | index atual: 450 | csrf: 1cvXBQUVsZfgEK8bPQbEyVTgOHjpBTxv
2026-09-21 15:58:43,794 | Testing code 0450...
2026-09-21 15:58:43,794 | Code failed!
2026-09-21 15:58:44,961 | Testing code 0451...
2026-09-21 15:58:44,961 | Code failed!
2026-09-21 15:58:44,964 | [Cycle 226] 4.52s | index atual: 452 | csrf: eMUVhB90aSO7SOGrz8biTYyczyhLH1SV
2026-09-21 15:58:48,437 | Testing code 0452...
2026-09-21 15:58:48,437 | Code failed!
2026-09-21 15:58:49,575 | Testing code 0453...
2026-09-21 15:58:49,575 | Code failed!
2026-09-21 15:58:49,579 | [Cycle 227] 4.61s | index atual: 454 | csrf: mlwEkqwHb01s68aHUoLBBTew24uxj4gq
2026-09-21 15:58:53,123 | Testing code 0454...
2026-09-21 15:58:53,123 | Code failed!
2026-09-21 15:58:54,289 | Testing code 0455...
2026-09-21 15:58:54,289 | Code failed!
2026-09-21 15:58:54,292 | [Cycle 228] 4.71s | index atual: 456 | csrf: 5m8sWXOim9J5CIrZ5NEv3vdbB5o1qVsT
2026-09-21 15:58:57,776 | Testing code 0456...
2026-09-21 15:58:57,776 | Code failed!
2026-09-21 15:58:58,906 | Testing code 0457...
2026-09-21 15:58:58,906 | Code failed!
2026-09-21 15:58:58,910 | [Cycle 229] 4.62s | index atual: 458 | csrf: R204kRJ7dntN7sHe5CJBP8NMrRYy9WCc
2026-09-21 15:59:02,376 | Testing code 0458...
2026-09-21 15:59:02,376 | Code failed!
2026-09-21 15:59:03,558 | Testing code 0459...
2026-09-21 15:59:03,558 | Code failed!
2026-09-21 15:59:03,561 | [Cycle 230] 4.65s | index atual: 460 | csrf: mZ7HM7DtS4RM14yiWq1s7BK1cRxbyc5b
2026-09-21 15:59:06,986 | Testing code 0460...
2026-09-21 15:59:06,987 | Code failed!
2026-09-21 15:59:08,175 | Testing code 0461...
2026-09-21 15:59:08,175 | Code failed!
2026-09-21 15:59:08,178 | [Cycle 231] 4.62s | index atual: 462 | csrf: FSxVPCVWrVHnLV9U0RHwNKDBnz2LRkSe
2026-09-21 15:59:11,630 | Testing code 0462...
2026-09-21 15:59:11,630 | Code failed!
2026-09-21 15:59:12,808 | Testing code 0463...
2026-09-21 15:59:12,808 | Code failed!
2026-09-21 15:59:12,811 | [Cycle 232] 4.63s | index atual: 464 | csrf: u8i4hJy1rir8727apNCOaORhmzrVZBvT
2026-09-21 15:59:16,295 | Testing code 0464...
2026-09-21 15:59:16,295 | Code failed!
2026-09-21 15:59:17,462 | Testing code 0465...
2026-09-21 15:59:17,462 | Code failed!
2026-09-21 15:59:17,465 | [Cycle 233] 4.65s | index atual: 466 | csrf: kClHQAr0YXMsDJRPFTG3OcI4sB4b2PHX
2026-09-21 15:59:21,063 | Testing code 0466...
2026-09-21 15:59:21,063 | Code failed!
2026-09-21 15:59:22,234 | Testing code 0467...
2026-09-21 15:59:22,234 | Code failed!
2026-09-21 15:59:22,238 | [Cycle 234] 4.77s | index atual: 468 | csrf: xwuvktyJlmjvOBPy9J7crZ3lfd4q5Izo
2026-09-21 15:59:25,680 | Testing code 0468...
2026-09-21 15:59:25,680 | Code failed!
2026-09-21 15:59:26,788 | Testing code 0469...
2026-09-21 15:59:26,788 | Code failed!
2026-09-21 15:59:26,792 | [Cycle 235] 4.55s | index atual: 470 | csrf: rQC07Y9k91pfbCzAPXySJsnECHaKL0kq
2026-09-21 15:59:30,191 | Testing code 0470...
2026-09-21 15:59:30,191 | Code failed!
2026-09-21 15:59:31,350 | Testing code 0471...
2026-09-21 15:59:31,350 | Code failed!
2026-09-21 15:59:31,354 | [Cycle 236] 4.56s | index atual: 472 | csrf: DYDUGzsJGUMiz5TW7CCarjcxMkGlE1zl
2026-09-21 15:59:34,775 | Testing code 0472...
2026-09-21 15:59:34,775 | Code failed!
2026-09-21 15:59:35,888 | Testing code 0473...
2026-09-21 15:59:35,888 | Code failed!
2026-09-21 15:59:35,892 | [Cycle 237] 4.54s | index atual: 474 | csrf: Fpp5XuGRDuXMU3dNavqrREh6hDBswDTs
2026-09-21 15:59:39,323 | Testing code 0474...
2026-09-21 15:59:39,323 | Code failed!
2026-09-21 15:59:40,490 | Testing code 0475...
2026-09-21 15:59:40,490 | Code failed!
2026-09-21 15:59:40,494 | [Cycle 238] 4.60s | index atual: 476 | csrf: EWPKsnzpjJ1HSUO4mKoaILksGdpTuUCu
2026-09-21 15:59:43,888 | Testing code 0476...
2026-09-21 15:59:43,888 | Code failed!
2026-09-21 15:59:45,115 | Testing code 0477...
2026-09-21 15:59:45,115 | Code failed!
2026-09-21 15:59:45,119 | [Cycle 239] 4.62s | index atual: 478 | csrf: kVjl3klnexsrnQxJaNe1sES8W76cDPf0
2026-09-21 15:59:48,542 | Testing code 0478...
2026-09-21 15:59:48,542 | Code failed!
2026-09-21 15:59:49,675 | Testing code 0479...
2026-09-21 15:59:49,675 | Code failed!
2026-09-21 15:59:49,679 | [Cycle 240] 4.56s | index atual: 480 | csrf: cXI1JlxCWyVqa62VKXTfp9lrXsO88CeD
2026-09-21 15:59:53,119 | Testing code 0480...
2026-09-21 15:59:53,119 | Code failed!
2026-09-21 15:59:54,260 | Testing code 0481...
2026-09-21 15:59:54,260 | Code failed!
2026-09-21 15:59:54,264 | [Cycle 241] 4.58s | index atual: 482 | csrf: UJpB6meYTaWGFZD4NujHoBM8J423Rgqs
2026-09-21 15:59:57,670 | Testing code 0482...
2026-09-21 15:59:57,670 | Code failed!
2026-09-21 15:59:58,790 | Testing code 0483...
2026-09-21 15:59:58,791 | Code failed!
2026-09-21 15:59:58,794 | [Cycle 242] 4.53s | index atual: 484 | csrf: i9yBwDei2x2YYcBG7yCegefLp9XPhUUm
2026-09-21 16:00:02,206 | Testing code 0484...
2026-09-21 16:00:02,207 | Code failed!
2026-09-21 16:00:03,345 | Testing code 0485...
2026-09-21 16:00:03,345 | Code failed!
2026-09-21 16:00:03,348 | [Cycle 243] 4.55s | index atual: 486 | csrf: CAiaMgwst5hgxzOSvJfgjw4HbzBhigbi
2026-09-21 16:00:06,739 | Testing code 0486...
2026-09-21 16:00:06,739 | Code failed!
2026-09-21 16:00:08,015 | Testing code 0487...
2026-09-21 16:00:08,015 | Code failed!
2026-09-21 16:00:08,019 | [Cycle 244] 4.67s | index atual: 488 | csrf: lw4OQaGt1vQ5ovytisTbZhYmkijoSDnA
2026-09-21 16:00:11,437 | Testing code 0488...
2026-09-21 16:00:11,437 | Code failed!
2026-09-21 16:00:12,555 | Testing code 0489...
2026-09-21 16:00:12,555 | Code failed!
2026-09-21 16:00:12,559 | [Cycle 245] 4.54s | index atual: 490 | csrf: T2nWi7ORIZi7tpGWQUPPWhTIdKMgd1Zs
2026-09-21 16:00:16,033 | Testing code 0490...
2026-09-21 16:00:16,034 | Code failed!
2026-09-21 16:00:17,145 | Testing code 0491...
2026-09-21 16:00:17,146 | Code failed!
2026-09-21 16:00:17,149 | [Cycle 246] 4.59s | index atual: 492 | csrf: EyWM0qVbrtK1gwu4ecUEExqIiYyjMoOZ
2026-09-21 16:00:20,599 | Testing code 0492...
2026-09-21 16:00:20,599 | Code failed!
2026-09-21 16:00:21,824 | Testing code 0493...
2026-09-21 16:00:21,824 | Code failed!
2026-09-21 16:00:21,827 | [Cycle 247] 4.68s | index atual: 494 | csrf: 79NItlH0zADFQJHarAvFfvPpDdaIMire
2026-09-21 16:00:25,240 | Testing code 0494...
2026-09-21 16:00:25,240 | Code failed!
2026-09-21 16:00:26,430 | Testing code 0495...
2026-09-21 16:00:26,430 | Code failed!
2026-09-21 16:00:26,433 | [Cycle 248] 4.61s | index atual: 496 | csrf: NfCv4W7v0LTQo82QpDTOkrfEMwtWn6zd
2026-09-21 16:00:29,843 | Testing code 0496...
2026-09-21 16:00:29,844 | Code failed!
2026-09-21 16:00:31,006 | Testing code 0497...
2026-09-21 16:00:31,006 | Code failed!
2026-09-21 16:00:31,009 | [Cycle 249] 4.58s | index atual: 498 | csrf: Ttr2mNmJ6rXz0M9UoSZ5HIKWQ89nsLSe
2026-09-21 16:00:34,463 | Testing code 0498...
2026-09-21 16:00:34,463 | Code failed!
2026-09-21 16:00:35,613 | Testing code 0499...
2026-09-21 16:00:35,613 | Code failed!
2026-09-21 16:00:35,618 | [Cycle 250] 4.61s | index atual: 500 | csrf: Z5xqpP9wiQ9wHi56QXwcDiRQbjiSURk5
2026-09-21 16:00:39,149 | Testing code 0500...
2026-09-21 16:00:39,149 | Code failed!
2026-09-21 16:00:40,317 | Testing code 0501...
2026-09-21 16:00:40,318 | Code failed!
2026-09-21 16:00:40,321 | [Cycle 251] 4.70s | index atual: 502 | csrf: pFX2sPQbadDxzRLA2XVbsPuUoKjQpY8z
2026-09-21 16:00:43,819 | Testing code 0502...
2026-09-21 16:00:43,819 | Code failed!
2026-09-21 16:00:44,986 | Testing code 0503...
2026-09-21 16:00:44,986 | Code failed!
2026-09-21 16:00:44,989 | [Cycle 252] 4.67s | index atual: 504 | csrf: B6QRK4JDcMdrIHTLtSGG44s9lmW4I0ia
2026-09-21 16:00:48,481 | Testing code 0504...
2026-09-21 16:00:48,481 | Code failed!
2026-09-21 16:00:49,651 | Testing code 0505...
2026-09-21 16:00:49,651 | Code failed!
2026-09-21 16:00:49,655 | [Cycle 253] 4.67s | index atual: 506 | csrf: DTUEIwgKojpq7mjR7uhzn09aXWto8fr1
2026-09-21 16:00:53,097 | Testing code 0506...
2026-09-21 16:00:53,097 | Code failed!
2026-09-21 16:00:54,299 | Testing code 0507...
2026-09-21 16:00:54,299 | Code failed!
2026-09-21 16:00:54,302 | [Cycle 254] 4.65s | index atual: 508 | csrf: WNNQ2m8GDeWhk56hYFfyYE1xlDjwlkG7
2026-09-21 16:00:57,796 | Testing code 0508...
2026-09-21 16:00:57,797 | Code failed!
2026-09-21 16:00:58,945 | Testing code 0509...
2026-09-21 16:00:58,945 | Code failed!
2026-09-21 16:00:58,948 | [Cycle 255] 4.65s | index atual: 510 | csrf: qdn7Rq54bctn1D8Sj2SWzy8uOI5qFdLn
2026-09-21 16:01:02,450 | Testing code 0510...
2026-09-21 16:01:02,450 | Code failed!
2026-09-21 16:01:03,546 | Testing code 0511...
2026-09-21 16:01:03,546 | Code failed!
2026-09-21 16:01:03,550 | [Cycle 256] 4.60s | index atual: 512 | csrf: msy929C7dpnBIzzbfUwJloF0oZYAB88h
2026-09-21 16:01:07,106 | Testing code 0512...
2026-09-21 16:01:07,106 | Code failed!
2026-09-21 16:01:08,249 | Testing code 0513...
2026-09-21 16:01:08,249 | Code failed!
2026-09-21 16:01:08,253 | [Cycle 257] 4.70s | index atual: 514 | csrf: Rqq4f73Y4waKdyqZNmMAIDfT0j7QlYRQ
2026-09-21 16:01:11,725 | Testing code 0514...
2026-09-21 16:01:11,725 | Code failed!
2026-09-21 16:01:12,836 | Testing code 0515...
2026-09-21 16:01:12,836 | Code failed!
2026-09-21 16:01:12,839 | [Cycle 258] 4.59s | index atual: 516 | csrf: tgnbLisq6zXz2n4xxmUJHx43fRiFJx8R
2026-09-21 16:01:16,349 | Testing code 0516...
2026-09-21 16:01:16,349 | Code failed!
2026-09-21 16:01:17,529 | Testing code 0517...
2026-09-21 16:01:17,529 | Code failed!
2026-09-21 16:01:17,533 | [Cycle 259] 4.69s | index atual: 518 | csrf: Jlb1UheOnh41KKIPNHGOtoqFqMNHkp5Z
2026-09-21 16:01:20,947 | Testing code 0518...
2026-09-21 16:01:20,947 | Code failed!
2026-09-21 16:01:22,087 | Testing code 0519...
2026-09-21 16:01:22,087 | Code failed!
2026-09-21 16:01:22,091 | [Cycle 260] 4.56s | index atual: 520 | csrf: wNSMYdkcZpfqTbQvG0KetTziWBpMY88t
2026-09-21 16:01:25,535 | Testing code 0520...
2026-09-21 16:01:25,535 | Code failed!
2026-09-21 16:01:26,691 | Testing code 0521...
2026-09-21 16:01:26,691 | Code failed!
2026-09-21 16:01:26,695 | [Cycle 261] 4.60s | index atual: 522 | csrf: ACfT0bZCNOaL1BgP8StzHrjFgbpAarBg
2026-09-21 16:01:30,228 | Testing code 0522...
2026-09-21 16:01:30,229 | Code failed!
2026-09-21 16:01:31,366 | Testing code 0523...
2026-09-21 16:01:31,366 | Code failed!
2026-09-21 16:01:31,369 | [Cycle 262] 4.67s | index atual: 524 | csrf: hv2r9Jf0EPER2meIxvqxLc3IfjML1lvR
2026-09-21 16:01:34,778 | Testing code 0524...
2026-09-21 16:01:34,778 | Code failed!
2026-09-21 16:01:35,917 | Testing code 0525...
2026-09-21 16:01:35,917 | Code failed!
2026-09-21 16:01:35,921 | [Cycle 263] 4.55s | index atual: 526 | csrf: RdH4IymGe8ecRSiAukiSKyrfRVDNgb9T
2026-09-21 16:01:39,342 | Testing code 0526...
2026-09-21 16:01:39,342 | Code failed!
2026-09-21 16:01:40,479 | Testing code 0527...
2026-09-21 16:01:40,479 | Code failed!
2026-09-21 16:01:40,482 | [Cycle 264] 4.56s | index atual: 528 | csrf: Xms7KcsNw7nfaYsSED8pbBNzaCrgEv5x
2026-09-21 16:01:43,896 | Testing code 0528...
2026-09-21 16:01:43,897 | Code failed!
2026-09-21 16:01:45,053 | Testing code 0529...
2026-09-21 16:01:45,053 | Code failed!
2026-09-21 16:01:45,057 | [Cycle 265] 4.57s | index atual: 530 | csrf: QVv0evleu7CEKXmFFKs1sQ6n8ylyWT7e
2026-09-21 16:01:48,466 | Testing code 0530...
2026-09-21 16:01:48,467 | Code failed!
2026-09-21 16:01:49,604 | Testing code 0531...
2026-09-21 16:01:49,604 | Code failed!
2026-09-21 16:01:49,608 | [Cycle 266] 4.55s | index atual: 532 | csrf: Bu44Fx41iTsXsmttPGf0cojd27zPsKPR
2026-09-21 16:01:53,054 | Testing code 0532...
2026-09-21 16:01:53,054 | Code failed!
2026-09-21 16:01:54,175 | Testing code 0533...
2026-09-21 16:01:54,175 | Code failed!
2026-09-21 16:01:54,179 | [Cycle 267] 4.57s | index atual: 534 | csrf: 682cO2eFGIVu0GuBzL6kvjB4WsPMzyiE
2026-09-21 16:01:57,578 | Testing code 0534...
2026-09-21 16:01:57,578 | Code failed!
2026-09-21 16:01:58,717 | Testing code 0535...
2026-09-21 16:01:58,717 | Code failed!
2026-09-21 16:01:58,720 | [Cycle 268] 4.54s | index atual: 536 | csrf: jyTo2YDX2cpMMhXjKPr8N8FkT4YUwhwZ
2026-09-21 16:02:02,130 | Testing code 0536...
2026-09-21 16:02:02,130 | Code failed!
2026-09-21 16:02:03,324 | Testing code 0537...
2026-09-21 16:02:03,325 | Code failed!
2026-09-21 16:02:03,330 | [Cycle 269] 4.61s | index atual: 538 | csrf: SJnhSTP5J1poVSmrNZDFRgvgAWyB4dP2
2026-09-21 16:02:06,784 | Testing code 0538...
2026-09-21 16:02:06,784 | Code failed!
2026-09-21 16:02:08,018 | Testing code 0539...
2026-09-21 16:02:08,018 | Code failed!
2026-09-21 16:02:08,022 | [Cycle 270] 4.69s | index atual: 540 | csrf: kC4qRPDZESWMd6kcggrmSG2JI80BN7HY
2026-09-21 16:02:11,467 | Testing code 0540...
2026-09-21 16:02:11,468 | Code failed!
2026-09-21 16:02:12,634 | Testing code 0541...
2026-09-21 16:02:12,635 | Code failed!
2026-09-21 16:02:12,638 | [Cycle 271] 4.62s | index atual: 542 | csrf: 8mHSq4D1xd4U3G8r82JwLIkBecBRBthN
2026-09-21 16:02:16,057 | Testing code 0542...
2026-09-21 16:02:16,057 | Code failed!
2026-09-21 16:02:17,169 | Testing code 0543...
2026-09-21 16:02:17,169 | Code failed!
2026-09-21 16:02:17,173 | [Cycle 272] 4.54s | index atual: 544 | csrf: BISexp8R8QUDEGOvtN6Yj6xmgLrATyIj
2026-09-21 16:02:20,649 | Testing code 0544...
2026-09-21 16:02:20,649 | Code failed!
2026-09-21 16:02:21,836 | Testing code 0545...
2026-09-21 16:02:21,836 | Code failed!
2026-09-21 16:02:21,839 | [Cycle 273] 4.67s | index atual: 546 | csrf: nKmCa8UEw1DJo3HdLmR9MKuzOGb2OY7o
2026-09-21 16:02:25,288 | Testing code 0546...
2026-09-21 16:02:25,288 | Code failed!
2026-09-21 16:02:26,441 | Testing code 0547...
2026-09-21 16:02:26,441 | Code failed!
2026-09-21 16:02:26,444 | [Cycle 274] 4.61s | index atual: 548 | csrf: y7fi4OHt91SQhXUjul9lb1F07HrWEZ67
2026-09-21 16:02:29,876 | Testing code 0548...
2026-09-21 16:02:29,876 | Code failed!
2026-09-21 16:02:31,004 | Testing code 0549...
2026-09-21 16:02:31,004 | Code failed!
2026-09-21 16:02:31,008 | [Cycle 275] 4.56s | index atual: 550 | csrf: UqT3Cfh6CH9iGcqSLL2LkyTqhBEZGv5s
2026-09-21 16:02:34,542 | Testing code 0550...
2026-09-21 16:02:34,542 | Code failed!
2026-09-21 16:02:35,691 | Testing code 0551...
2026-09-21 16:02:35,692 | Code failed!
2026-09-21 16:02:35,696 | [Cycle 276] 4.69s | index atual: 552 | csrf: ViBXoSdT6KTdEyCwWooLEYDTYTGjj399
2026-09-21 16:02:39,133 | Testing code 0552...
2026-09-21 16:02:39,134 | Code failed!
2026-09-21 16:02:40,271 | Testing code 0553...
2026-09-21 16:02:40,271 | Code failed!
2026-09-21 16:02:40,274 | [Cycle 277] 4.58s | index atual: 554 | csrf: JZHrmknzU1hyyFNKHP3Os5LUTiuMzH4n
2026-09-21 16:02:43,689 | Testing code 0554...
2026-09-21 16:02:43,689 | Code failed!
2026-09-21 16:02:44,805 | Testing code 0555...
2026-09-21 16:02:44,805 | Code failed!
2026-09-21 16:02:44,811 | [Cycle 278] 4.54s | index atual: 556 | csrf: T9hCQBZvL2n53ilU3vO6t8joUgsYJDQT
2026-09-21 16:02:48,210 | Testing code 0556...
2026-09-21 16:02:48,210 | Code failed!
2026-09-21 16:02:49,346 | Testing code 0557...
2026-09-21 16:02:49,347 | Code failed!
2026-09-21 16:02:49,350 | [Cycle 279] 4.54s | index atual: 558 | csrf: Tr8ixTEwWiLSjAUySwHIqdFEGwhOqPCU
2026-09-21 16:02:52,771 | Testing code 0558...
2026-09-21 16:02:52,771 | Code failed!
2026-09-21 16:02:53,912 | Testing code 0559...
2026-09-21 16:02:53,912 | Code failed!
2026-09-21 16:02:53,915 | [Cycle 280] 4.57s | index atual: 560 | csrf: u49Z0w3tGmp0mxVNsenmYHe6NE9kXYYC
2026-09-21 16:02:57,316 | Testing code 0560...
2026-09-21 16:02:57,316 | Code failed!
2026-09-21 16:02:58,474 | Testing code 0561...
2026-09-21 16:02:58,474 | Code failed!
2026-09-21 16:02:58,477 | [Cycle 281] 4.56s | index atual: 562 | csrf: AoSyiz5EUnwAxO9MYxwyyrKwXZ8qMDy0
2026-09-21 16:03:01,859 | Testing code 0562...
2026-09-21 16:03:01,860 | Code failed!
2026-09-21 16:03:03,035 | Testing code 0563...
2026-09-21 16:03:03,036 | Code failed!
2026-09-21 16:03:03,039 | [Cycle 282] 4.56s | index atual: 564 | csrf: TlLMupm0RBZJbjoZOSYATkp7foub3Kiz
2026-09-21 16:03:06,465 | Testing code 0564...
2026-09-21 16:03:06,466 | Code failed!
2026-09-21 16:03:07,608 | Testing code 0565...
2026-09-21 16:03:07,608 | Code failed!
2026-09-21 16:03:07,611 | [Cycle 283] 4.57s | index atual: 566 | csrf: hKubyPwVrS23QQHj0W0TvuWcF4LBp42T
2026-09-21 16:03:10,996 | Testing code 0566...
2026-09-21 16:03:10,996 | Code failed!
2026-09-21 16:03:12,109 | Testing code 0567...
2026-09-21 16:03:12,109 | Code failed!
2026-09-21 16:03:12,112 | [Cycle 284] 4.50s | index atual: 568 | csrf: 2qGEcA77E67fpHDPU6TWjybxN3h8OmGt
2026-09-21 16:03:15,544 | Testing code 0568...
2026-09-21 16:03:15,544 | Code failed!
2026-09-21 16:03:16,668 | Testing code 0569...
2026-09-21 16:03:16,668 | Code failed!
2026-09-21 16:03:16,672 | [Cycle 285] 4.56s | index atual: 570 | csrf: uMkFY2BhV6iGxVxtZeUCcBqLcQhkhXma
2026-09-21 16:03:20,090 | Testing code 0570...
2026-09-21 16:03:20,090 | Code failed!
2026-09-21 16:03:21,238 | Testing code 0571...
2026-09-21 16:03:21,239 | Code failed!
2026-09-21 16:03:21,242 | [Cycle 286] 4.57s | index atual: 572 | csrf: S5QtoZ4HyOdWKKiaTy8aS1A9igK0DUO6
2026-09-21 16:03:24,706 | Testing code 0572...
2026-09-21 16:03:24,706 | Code failed!
2026-09-21 16:03:25,851 | Testing code 0573...
2026-09-21 16:03:25,851 | Code failed!
2026-09-21 16:03:25,854 | [Cycle 287] 4.61s | index atual: 574 | csrf: RKl8v8YQetRJvNDMrF1slU2iuB3Stdja
2026-09-21 16:03:29,215 | Testing code 0574...
2026-09-21 16:03:29,216 | Code failed!
2026-09-21 16:03:30,353 | Testing code 0575...
2026-09-21 16:03:30,353 | Code failed!
2026-09-21 16:03:30,356 | [Cycle 288] 4.50s | index atual: 576 | csrf: TVLXLD7KXv1xVnxJSlzzQy38NA4uNyv3
2026-09-21 16:03:33,800 | Testing code 0576...
2026-09-21 16:03:33,800 | Code failed!
2026-09-21 16:03:34,983 | Testing code 0577...
2026-09-21 16:03:34,983 | Code failed!
2026-09-21 16:03:34,986 | [Cycle 289] 4.63s | index atual: 578 | csrf: bpStENuxtTsysxuJ1gc6ToueJnQPzpOB
2026-09-21 16:03:38,365 | Testing code 0578...
2026-09-21 16:03:38,365 | Code failed!
2026-09-21 16:03:39,518 | Testing code 0579...
2026-09-21 16:03:39,519 | Code failed!
2026-09-21 16:03:39,522 | [Cycle 290] 4.54s | index atual: 580 | csrf: FCVNDqvdtolzSbdOMP26HwX05Y7RPMUy
2026-09-21 16:03:42,909 | Testing code 0580...
2026-09-21 16:03:42,909 | Code failed!
2026-09-21 16:03:44,022 | Testing code 0581...
2026-09-21 16:03:44,022 | Code failed!
2026-09-21 16:03:44,025 | [Cycle 291] 4.50s | index atual: 582 | csrf: q6rcp8VpYMawVQEERYurQUWUVTLl5jwD
2026-09-21 16:03:47,429 | Testing code 0582...
2026-09-21 16:03:47,429 | Code failed!
2026-09-21 16:03:48,557 | Testing code 0583...
2026-09-21 16:03:48,557 | Code failed!
2026-09-21 16:03:48,560 | [Cycle 292] 4.53s | index atual: 584 | csrf: r4qPvzMXi5i0WvjGvL82SawUy3dRLeJb
2026-09-21 16:03:51,967 | Testing code 0584...
2026-09-21 16:03:51,968 | Code failed!
2026-09-21 16:03:53,102 | Testing code 0585...
2026-09-21 16:03:53,103 | Code failed!
2026-09-21 16:03:53,106 | [Cycle 293] 4.55s | index atual: 586 | csrf: 7DUrOlJkfLZGwpmKbYtwjZd71KZeqsEQ
2026-09-21 16:03:56,564 | Testing code 0586...
2026-09-21 16:03:56,564 | Code failed!
2026-09-21 16:03:57,687 | Testing code 0587...
2026-09-21 16:03:57,687 | Code failed!
2026-09-21 16:03:57,690 | [Cycle 294] 4.58s | index atual: 588 | csrf: 3hs6R6nOUrEj9YabYTMzI8ihkIS6ppm5
2026-09-21 16:04:01,118 | Testing code 0588...
2026-09-21 16:04:01,118 | Code failed!
2026-09-21 16:04:02,235 | Testing code 0589...
2026-09-21 16:04:02,235 | Code failed!
2026-09-21 16:04:02,239 | [Cycle 295] 4.55s | index atual: 590 | csrf: tKXYeW00FY4hTYNu5ylydMBz2OwpApRL
2026-09-21 16:04:05,642 | Testing code 0590...
2026-09-21 16:04:05,643 | Code failed!
2026-09-21 16:04:06,759 | Testing code 0591...
2026-09-21 16:04:06,759 | Code failed!
2026-09-21 16:04:06,762 | [Cycle 296] 4.52s | index atual: 592 | csrf: ByznV6Jbm0hb3vQxu8kYFT8xf1giBMsl
2026-09-21 16:04:10,144 | Testing code 0592...
2026-09-21 16:04:10,144 | Code failed!
2026-09-21 16:04:11,295 | Testing code 0593...
2026-09-21 16:04:11,295 | Code failed!
2026-09-21 16:04:11,299 | [Cycle 297] 4.54s | index atual: 594 | csrf: 08IQ2EINrcz0Cu37UvRCXUgkVtrgIIc0
2026-09-21 16:04:14,725 | Testing code 0594...
2026-09-21 16:04:14,725 | Code failed!
2026-09-21 16:04:15,868 | Testing code 0595...
2026-09-21 16:04:15,868 | Code failed!
2026-09-21 16:04:15,872 | [Cycle 298] 4.57s | index atual: 596 | csrf: 5mELicjPghiiHZnus0RICy9ddlWhbXSX
2026-09-21 16:04:19,234 | Testing code 0596...
2026-09-21 16:04:19,234 | Code failed!
2026-09-21 16:04:20,403 | Testing code 0597...
2026-09-21 16:04:20,403 | Code failed!
2026-09-21 16:04:20,406 | [Cycle 299] 4.53s | index atual: 598 | csrf: KJYFn1xdstJJzvC3NDtedgNSjnIiCBF0
2026-09-21 16:04:23,837 | Testing code 0598...
2026-09-21 16:04:23,838 | Code failed!
2026-09-21 16:04:24,981 | Testing code 0599...
2026-09-21 16:04:24,981 | Code failed!
2026-09-21 16:04:24,985 | [Cycle 300] 4.58s | index atual: 600 | csrf: v3tEwbmnFBxPjThjcxJh7izRHDCWKpDo
2026-09-21 16:04:28,496 | Testing code 0600...
2026-09-21 16:04:28,496 | Code failed!
2026-09-21 16:04:29,681 | Testing code 0601...
2026-09-21 16:04:29,681 | Code failed!
2026-09-21 16:04:29,685 | [Cycle 301] 4.70s | index atual: 602 | csrf: 7meO8IAPZR0mQ5vyYQG1p0eKL0ZjbJ0a
2026-09-21 16:04:33,128 | Testing code 0602...
2026-09-21 16:04:33,128 | Code failed!
2026-09-21 16:04:34,297 | Testing code 0603...
2026-09-21 16:04:34,297 | Code failed!
2026-09-21 16:04:34,301 | [Cycle 302] 4.62s | index atual: 604 | csrf: Ei0FFygHFlivCAsgrxgmbmve2UIoHINR
2026-09-21 16:04:37,700 | Testing code 0604...
2026-09-21 16:04:37,700 | Code failed!
2026-09-21 16:04:38,886 | Testing code 0605...
2026-09-21 16:04:38,886 | Code failed!
2026-09-21 16:04:38,890 | [Cycle 303] 4.59s | index atual: 606 | csrf: puSNXUUh8ml8Wxs4sO0hdUew0LHVDLdX
2026-09-21 16:04:42,418 | Testing code 0606...
2026-09-21 16:04:42,419 | Code failed!
2026-09-21 16:04:43,512 | Testing code 0607...
2026-09-21 16:04:43,513 | Code failed!
2026-09-21 16:04:43,516 | [Cycle 304] 4.63s | index atual: 608 | csrf: VUYaP7bYQMaV34tyZct7FxvcnjkqGtrS
2026-09-21 16:04:46,968 | Testing code 0608...
2026-09-21 16:04:46,969 | Code failed!
2026-09-21 16:04:48,122 | Testing code 0609...
2026-09-21 16:04:48,122 | Code failed!
2026-09-21 16:04:48,125 | [Cycle 305] 4.61s | index atual: 610 | csrf: KctTWJvnItRlhyN6fR1n0Y4oact5FVSc
2026-09-21 16:04:51,620 | Testing code 0610...
2026-09-21 16:04:51,620 | Code failed!
2026-09-21 16:04:52,775 | Testing code 0611...
2026-09-21 16:04:52,776 | Code failed!
2026-09-21 16:04:52,779 | [Cycle 306] 4.65s | index atual: 612 | csrf: 0NIlqCgSaEzhxPezBbypRs2z3AY5Twq5
2026-09-21 16:04:56,204 | Testing code 0612...
2026-09-21 16:04:56,204 | Code failed!
2026-09-21 16:04:57,400 | Testing code 0613...
2026-09-21 16:04:57,400 | Code failed!
2026-09-21 16:04:57,404 | [Cycle 307] 4.63s | index atual: 614 | csrf: 2ahhTMlu6ZSKBFp8Q9GQos785DfC0f9q
2026-09-21 16:05:00,821 | Testing code 0614...
2026-09-21 16:05:00,821 | Code failed!
2026-09-21 16:05:02,004 | Testing code 0615...
2026-09-21 16:05:02,004 | Code failed!
2026-09-21 16:05:02,008 | [Cycle 308] 4.60s | index atual: 616 | csrf: SG2wguoYBizTEg3xTgs2Osj9xbCBNPG0
2026-09-21 16:05:05,487 | Testing code 0616...
2026-09-21 16:05:05,487 | Code failed!
2026-09-21 16:05:06,687 | Testing code 0617...
2026-09-21 16:05:06,687 | Code failed!
2026-09-21 16:05:06,691 | [Cycle 309] 4.68s | index atual: 618 | csrf: kb4fn9KWsBkgtSf8TTTY6a2fBvh56Ip4
2026-09-21 16:05:10,088 | Testing code 0618...
2026-09-21 16:05:10,088 | Code failed!
2026-09-21 16:05:11,269 | Testing code 0619...
2026-09-21 16:05:11,269 | Code failed!
2026-09-21 16:05:11,272 | [Cycle 310] 4.58s | index atual: 620 | csrf: wYtlV5s09eYG6bx3eGbrwKQsRD1Bq00e
2026-09-21 16:05:14,740 | Testing code 0620...
2026-09-21 16:05:14,741 | Code failed!
2026-09-21 16:05:15,892 | Testing code 0621...
2026-09-21 16:05:15,892 | Code failed!
2026-09-21 16:05:15,896 | [Cycle 311] 4.62s | index atual: 622 | csrf: r6KQMaRaz866BWBtuqwxejNu2LsUJAfK
2026-09-21 16:05:19,412 | Testing code 0622...
2026-09-21 16:05:19,412 | Code failed!
2026-09-21 16:05:20,606 | Testing code 0623...
2026-09-21 16:05:20,606 | Code failed!
2026-09-21 16:05:20,610 | [Cycle 312] 4.71s | index atual: 624 | csrf: TmQaaWMFtdWCUZS4YqR0mzqNvbm3HTlI
2026-09-21 16:05:24,124 | Testing code 0624...
2026-09-21 16:05:24,124 | Code failed!
2026-09-21 16:05:25,258 | Testing code 0625...
2026-09-21 16:05:25,258 | Code failed!
2026-09-21 16:05:25,261 | [Cycle 313] 4.65s | index atual: 626 | csrf: doXuE3TYw3jXrfCOsn8yKo1AMSQzVVpB
2026-09-21 16:05:28,691 | Testing code 0626...
2026-09-21 16:05:28,691 | Code failed!
2026-09-21 16:05:29,818 | Testing code 0627...
2026-09-21 16:05:29,818 | Code failed!
2026-09-21 16:05:29,821 | [Cycle 314] 4.56s | index atual: 628 | csrf: OcKkMFnQJYFEv6lDB7D9RMUTptvniCZ7
2026-09-21 16:05:33,255 | Testing code 0628...
2026-09-21 16:05:33,255 | Code failed!
2026-09-21 16:05:34,389 | Testing code 0629...
2026-09-21 16:05:34,390 | Code failed!
2026-09-21 16:05:34,393 | [Cycle 315] 4.57s | index atual: 630 | csrf: ng1rcbB7Grc9foPj1dkwDHazhjANULRt
2026-09-21 16:05:37,787 | Testing code 0630...
2026-09-21 16:05:37,787 | Code failed!
2026-09-21 16:05:38,928 | Testing code 0631...
2026-09-21 16:05:38,928 | Code failed!
2026-09-21 16:05:38,932 | [Cycle 316] 4.54s | index atual: 632 | csrf: 0Ow4TiApS81rCAdxynGNhFQadg5lHpFO
2026-09-21 16:05:42,336 | Testing code 0632...
2026-09-21 16:05:42,336 | Code failed!
2026-09-21 16:05:43,508 | Testing code 0633...
2026-09-21 16:05:43,508 | Code failed!
2026-09-21 16:05:43,511 | [Cycle 317] 4.58s | index atual: 634 | csrf: fvfdRQhMVZOGH8q0Iy8ztOrAfavufC3S
2026-09-21 16:05:46,903 | Testing code 0634...
2026-09-21 16:05:46,903 | Code failed!
2026-09-21 16:05:48,049 | Testing code 0635...
2026-09-21 16:05:48,050 | Code failed!
2026-09-21 16:05:48,053 | [Cycle 318] 4.54s | index atual: 636 | csrf: oJi8VOwmiAFG6CykvBJM4cQEvkr6RbIp
2026-09-21 16:05:51,485 | Testing code 0636...
2026-09-21 16:05:51,485 | Code failed!
2026-09-21 16:05:52,644 | Testing code 0637...
2026-09-21 16:05:52,644 | Code failed!
2026-09-21 16:05:52,648 | [Cycle 319] 4.59s | index atual: 638 | csrf: y594W7U6jd1m8USizYp7yRsxNSjaYDiJ
2026-09-21 16:05:56,053 | Testing code 0638...
2026-09-21 16:05:56,053 | Code failed!
2026-09-21 16:05:57,209 | Testing code 0639...
2026-09-21 16:05:57,209 | Code failed!
2026-09-21 16:05:57,212 | [Cycle 320] 4.56s | index atual: 640 | csrf: Bb7EpuksWodyWugQZPCTGObZqMvESuSN
2026-09-21 16:06:00,626 | Testing code 0640...
2026-09-21 16:06:00,627 | Code failed!
2026-09-21 16:06:01,794 | Testing code 0641...
2026-09-21 16:06:01,795 | Code failed!
2026-09-21 16:06:01,798 | [Cycle 321] 4.59s | index atual: 642 | csrf: sWgoNdjfgfTG0OGlQWZ5L2l2PpsGf4Hc
2026-09-21 16:06:05,214 | Testing code 0642...
2026-09-21 16:06:05,214 | Code failed!
2026-09-21 16:06:06,338 | Testing code 0643...
2026-09-21 16:06:06,339 | Code failed!
2026-09-21 16:06:06,342 | [Cycle 322] 4.54s | index atual: 644 | csrf: YWJd4hlxUYe5uq0wSP1sCh6R0l8rNq45
2026-09-21 16:06:09,741 | Testing code 0644...
2026-09-21 16:06:09,741 | Code failed!
2026-09-21 16:06:10,881 | Testing code 0645...
2026-09-21 16:06:10,881 | Code failed!
2026-09-21 16:06:10,884 | [Cycle 323] 4.54s | index atual: 646 | csrf: 8IgomBKugA2pUrCBWrefpIc2Gw8yBn40
2026-09-21 16:06:14,294 | Testing code 0646...
2026-09-21 16:06:14,294 | Code failed!
2026-09-21 16:06:15,405 | Testing code 0647...
2026-09-21 16:06:15,405 | Code failed!
2026-09-21 16:06:15,408 | [Cycle 324] 4.52s | index atual: 648 | csrf: Udk8Pexd49TNePWShxVpFcUHyFVdsYyL
2026-09-21 16:06:18,795 | Testing code 0648...
2026-09-21 16:06:18,795 | Code failed!
2026-09-21 16:06:19,990 | Testing code 0649...
2026-09-21 16:06:19,990 | Code failed!
2026-09-21 16:06:19,994 | [Cycle 325] 4.59s | index atual: 650 | csrf: OYo53Q2qwPxwsf03r7Db1kRinlz3yCD6
2026-09-21 16:06:23,444 | Testing code 0650...
2026-09-21 16:06:23,445 | Code failed!
2026-09-21 16:06:24,607 | Testing code 0651...
2026-09-21 16:06:24,607 | Code failed!
2026-09-21 16:06:24,611 | [Cycle 326] 4.62s | index atual: 652 | csrf: crrHBccmykleZGbNIxkCl9bTPCmRyKUH
2026-09-21 16:06:27,995 | Testing code 0652...
2026-09-21 16:06:27,995 | Code failed!
2026-09-21 16:06:29,141 | Testing code 0653...
2026-09-21 16:06:29,141 | Code failed!
2026-09-21 16:06:29,144 | [Cycle 327] 4.53s | index atual: 654 | csrf: jJoXz0ymLpxF6Mhik4vSRZYq6tyvIB3V
2026-09-21 16:06:32,557 | Testing code 0654...
2026-09-21 16:06:32,557 | Code failed!
2026-09-21 16:06:33,694 | Testing code 0655...
2026-09-21 16:06:33,694 | Code failed!
2026-09-21 16:06:33,697 | [Cycle 328] 4.55s | index atual: 656 | csrf: JNdtTIUIlF2CKewKonFWz8pbJo8K5DPd
2026-09-21 16:06:37,080 | Testing code 0656...
2026-09-21 16:06:37,080 | Code failed!
2026-09-21 16:06:38,241 | Testing code 0657...
2026-09-21 16:06:38,241 | Code failed!
2026-09-21 16:06:38,245 | [Cycle 329] 4.55s | index atual: 658 | csrf: xk4IL5CazN9hNQ7fjwVsyai2y7Qwqcip
2026-09-21 16:06:41,629 | Testing code 0658...
2026-09-21 16:06:41,629 | Code failed!
2026-09-21 16:06:42,741 | Testing code 0659...
2026-09-21 16:06:42,742 | Code failed!
2026-09-21 16:06:42,745 | [Cycle 330] 4.50s | index atual: 660 | csrf: 0XYovw3hP1xWbaihedDbE61hYs2yvzTo
2026-09-21 16:06:46,128 | Testing code 0660...
2026-09-21 16:06:46,128 | Code failed!
2026-09-21 16:06:47,264 | Testing code 0661...
2026-09-21 16:06:47,264 | Code failed!
2026-09-21 16:06:47,267 | [Cycle 331] 4.52s | index atual: 662 | csrf: H6JlhSNB7yfeu8gIZXcE183tD57Ox28k
2026-09-21 16:06:50,615 | Testing code 0662...
2026-09-21 16:06:50,615 | Code failed!
2026-09-21 16:06:51,760 | Testing code 0663...
2026-09-21 16:06:51,760 | Code failed!
2026-09-21 16:06:51,763 | [Cycle 332] 4.50s | index atual: 664 | csrf: bE38SOXe1chJRhlVpHbVlBBbIawVTFGp
2026-09-21 16:06:55,176 | Testing code 0664...
2026-09-21 16:06:55,177 | Code failed!
2026-09-21 16:06:56,325 | Testing code 0665...
2026-09-21 16:06:56,325 | Code failed!
2026-09-21 16:06:56,329 | [Cycle 333] 4.57s | index atual: 666 | csrf: WWrPmmmjXvT8RrJ4Ixrpnl7vE9SXBRhX
2026-09-21 16:06:59,722 | Testing code 0666...
2026-09-21 16:06:59,722 | Code failed!
2026-09-21 16:07:00,853 | Testing code 0667...
2026-09-21 16:07:00,853 | Code failed!
2026-09-21 16:07:00,856 | [Cycle 334] 4.53s | index atual: 668 | csrf: a8kjXnJ69qhKvlJyomVqLBPTFn54VjdW
2026-09-21 16:07:04,247 | Testing code 0668...
2026-09-21 16:07:04,247 | Code failed!
2026-09-21 16:07:05,381 | Testing code 0669...
2026-09-21 16:07:05,381 | Code failed!
2026-09-21 16:07:05,385 | [Cycle 335] 4.53s | index atual: 670 | csrf: Wpo3G2gHOJrrKEgYILQhUvbpIE2UEKJB
2026-09-21 16:07:08,791 | Testing code 0670...
2026-09-21 16:07:08,791 | Code failed!
2026-09-21 16:07:09,933 | Testing code 0671...
2026-09-21 16:07:09,933 | Code failed!
2026-09-21 16:07:09,936 | [Cycle 336] 4.55s | index atual: 672 | csrf: RQZifxE8UgQ9H9svPsGJKNoI78z6byvY
2026-09-21 16:07:13,361 | Testing code 0672...
2026-09-21 16:07:13,361 | Code failed!
2026-09-21 16:07:14,505 | Testing code 0673...
2026-09-21 16:07:14,505 | Code failed!
2026-09-21 16:07:14,509 | [Cycle 337] 4.57s | index atual: 674 | csrf: k1xn4wHbwm5sCH0ybfIKcnFZaqSJduJE
2026-09-21 16:07:17,898 | Testing code 0674...
2026-09-21 16:07:17,898 | Code failed!
2026-09-21 16:07:19,030 | Testing code 0675...
2026-09-21 16:07:19,030 | Code failed!
2026-09-21 16:07:19,033 | [Cycle 338] 4.52s | index atual: 676 | csrf: X7de0K90XkRl4XhC3zt4IcSdwv4Az3VW
2026-09-21 16:07:22,478 | Testing code 0676...
2026-09-21 16:07:22,479 | Code failed!
2026-09-21 16:07:23,666 | Testing code 0677...
2026-09-21 16:07:23,666 | Code failed!
2026-09-21 16:07:23,669 | [Cycle 339] 4.64s | index atual: 678 | csrf: 1jt3zNLYI55K9yk5Op0tjydhyOBf7fiE
2026-09-21 16:07:27,082 | Testing code 0678...
2026-09-21 16:07:27,082 | Code failed!
2026-09-21 16:07:28,241 | Testing code 0679...
2026-09-21 16:07:28,241 | Code failed!
2026-09-21 16:07:28,245 | [Cycle 340] 4.58s | index atual: 680 | csrf: ZFi6LxM1It4Xuf68XPwOmEL75eXB9Fa8
2026-09-21 16:07:31,601 | Testing code 0680...
2026-09-21 16:07:31,602 | Code failed!
2026-09-21 16:07:32,763 | Testing code 0681...
2026-09-21 16:07:32,763 | Code failed!
2026-09-21 16:07:32,766 | [Cycle 341] 4.52s | index atual: 682 | csrf: 8HuDoh2fFC1LYKn9bQaDYqlA19U98unO
2026-09-21 16:07:36,137 | Testing code 0682...
2026-09-21 16:07:36,138 | Code failed!
2026-09-21 16:07:37,252 | Testing code 0683...
2026-09-21 16:07:37,252 | Code failed!
2026-09-21 16:07:37,256 | [Cycle 342] 4.49s | index atual: 684 | csrf: CcyxntfkLMv9ayc0L3Dx99V5fxEhFod0
2026-09-21 16:07:40,689 | Testing code 0684...
2026-09-21 16:07:40,689 | Code failed!
2026-09-21 16:07:41,804 | Testing code 0685...
2026-09-21 16:07:41,804 | Code failed!
2026-09-21 16:07:41,807 | [Cycle 343] 4.55s | index atual: 686 | csrf: rkfn4XvvY7C7rEpLiQ3Cn4CR7GOjHoXG
2026-09-21 16:07:45,226 | Testing code 0686...
2026-09-21 16:07:45,227 | Code failed!
2026-09-21 16:07:46,362 | Testing code 0687...
2026-09-21 16:07:46,363 | Code failed!
2026-09-21 16:07:46,366 | [Cycle 344] 4.56s | index atual: 688 | csrf: IkUpz7Q9bIlpIcns7pcNnNnbJQo2SXzg
2026-09-21 16:07:49,871 | Testing code 0688...
2026-09-21 16:07:49,871 | Code failed!
2026-09-21 16:07:51,020 | Testing code 0689...
2026-09-21 16:07:51,020 | Code failed!
2026-09-21 16:07:51,023 | [Cycle 345] 4.66s | index atual: 690 | csrf: Kavndvo2R0oCshJhlZIpRGTGTYRHcxPm
2026-09-21 16:07:54,510 | Testing code 0690...
2026-09-21 16:07:54,511 | Code failed!
2026-09-21 16:07:55,666 | Testing code 0691...
2026-09-21 16:07:55,666 | Code failed!
2026-09-21 16:07:55,669 | [Cycle 346] 4.65s | index atual: 692 | csrf: SW3Q3KjLAfM1bhu2Qu3ETD1mbZqQDtCY
2026-09-21 16:07:59,083 | Testing code 0692...
2026-09-21 16:07:59,083 | Code failed!
2026-09-21 16:08:00,215 | Testing code 0693...
2026-09-21 16:08:00,215 | Code failed!
2026-09-21 16:08:00,218 | [Cycle 347] 4.55s | index atual: 694 | csrf: 1RlEeRQd9kAVNjoiNVn2QHgRZ5MLVvNS
2026-09-21 16:08:03,678 | Testing code 0694...
2026-09-21 16:08:03,678 | Code failed!
2026-09-21 16:08:04,816 | Testing code 0695...
2026-09-21 16:08:04,816 | Code failed!
2026-09-21 16:08:04,819 | [Cycle 348] 4.60s | index atual: 696 | csrf: 1ygmh2UK3iJ40NIebYs1ookY5qp48sKb
2026-09-21 16:08:08,239 | Testing code 0696...
2026-09-21 16:08:08,239 | Code failed!
2026-09-21 16:08:09,373 | Testing code 0697...
2026-09-21 16:08:09,373 | Code failed!
2026-09-21 16:08:09,376 | [Cycle 349] 4.56s | index atual: 698 | csrf: dUBKTNJ9F9zaR6zPeBDc67Zzhvt5fPeE
2026-09-21 16:08:12,776 | Testing code 0698...
2026-09-21 16:08:12,776 | Code failed!
2026-09-21 16:08:13,914 | Testing code 0699...
2026-09-21 16:08:13,914 | Code failed!
2026-09-21 16:08:13,918 | [Cycle 350] 4.54s | index atual: 700 | csrf: 81pHALeYQGY5qxUkweAwo9x90pjBal1K
2026-09-21 16:08:17,370 | Testing code 0700...
2026-09-21 16:08:17,370 | Code failed!
2026-09-21 16:08:18,543 | Testing code 0701...
2026-09-21 16:08:18,543 | Code failed!
2026-09-21 16:08:18,547 | [Cycle 351] 4.63s | index atual: 702 | csrf: qSCSSYdMD6OB7s4ba0VAEYPwWEwVjWO8
2026-09-21 16:08:22,017 | Testing code 0702...
2026-09-21 16:08:22,017 | Code failed!
2026-09-21 16:08:23,126 | Testing code 0703...
2026-09-21 16:08:23,126 | Code failed!
2026-09-21 16:08:23,130 | [Cycle 352] 4.58s | index atual: 704 | csrf: Dy9qyP6Bn7Sfxna3RweQyMbOXk3hfwWu
2026-09-21 16:08:26,558 | Testing code 0704...
2026-09-21 16:08:26,558 | Code failed!
2026-09-21 16:08:27,719 | Testing code 0705...
2026-09-21 16:08:27,719 | Code failed!
2026-09-21 16:08:27,722 | [Cycle 353] 4.59s | index atual: 706 | csrf: HDFbPJFfsLFONVA5TliU3s1Eloi3MNrZ
2026-09-21 16:08:31,107 | Testing code 0706...
2026-09-21 16:08:31,107 | Code failed!
2026-09-21 16:08:32,244 | Testing code 0707...
2026-09-21 16:08:32,244 | Code failed!
2026-09-21 16:08:32,248 | [Cycle 354] 4.53s | index atual: 708 | csrf: 6tYevYywYYoc80tWL8ngSqzmCaCcSDjY
2026-09-21 16:08:35,619 | Testing code 0708...
2026-09-21 16:08:35,620 | Code failed!
2026-09-21 16:08:36,767 | Testing code 0709...
2026-09-21 16:08:36,767 | Code failed!
2026-09-21 16:08:36,770 | [Cycle 355] 4.52s | index atual: 710 | csrf: EfPkJGmFd8oEkoZnzJ1DFWHpFnSBbc62
2026-09-21 16:08:40,168 | Testing code 0710...
2026-09-21 16:08:40,169 | Code failed!
2026-09-21 16:08:41,278 | Testing code 0711...
2026-09-21 16:08:41,278 | Code failed!
2026-09-21 16:08:41,281 | [Cycle 356] 4.51s | index atual: 712 | csrf: 15Mq4U9XCTyNoWyzXCmQULDN4tUKuzUk
2026-09-21 16:08:44,683 | Testing code 0712...
2026-09-21 16:08:44,683 | Code failed!
2026-09-21 16:08:45,822 | Testing code 0713...
2026-09-21 16:08:45,822 | Code failed!
2026-09-21 16:08:45,826 | [Cycle 357] 4.54s | index atual: 714 | csrf: GxbXelUot6riNQ0wOF4u1vj5w266boWM
2026-09-21 16:08:49,186 | Testing code 0714...
2026-09-21 16:08:49,187 | Code failed!
2026-09-21 16:08:50,343 | Testing code 0715...
2026-09-21 16:08:50,343 | Code failed!
2026-09-21 16:08:50,347 | [Cycle 358] 4.52s | index atual: 716 | csrf: lZjgVjr82KcLyPtjnIP8i2oYzFzgSa7n
2026-09-21 16:08:53,732 | Testing code 0716...
2026-09-21 16:08:53,732 | Code failed!
2026-09-21 16:08:54,897 | Testing code 0717...
2026-09-21 16:08:54,897 | Code failed!
2026-09-21 16:08:54,900 | [Cycle 359] 4.55s | index atual: 718 | csrf: 2PfiTT3kMBatuGlUJNLMdsveD27MEL3C
2026-09-21 16:08:58,325 | Testing code 0718...
2026-09-21 16:08:58,325 | Code failed!
2026-09-21 16:08:59,463 | Testing code 0719...
2026-09-21 16:08:59,463 | Code failed!
2026-09-21 16:08:59,466 | [Cycle 360] 4.57s | index atual: 720 | csrf: C2r17f1bk0r8Uwg9FQLDIDy4k7Betbgm
2026-09-21 16:09:02,885 | Testing code 0720...
2026-09-21 16:09:02,885 | Code failed!
2026-09-21 16:09:04,006 | Testing code 0721...
2026-09-21 16:09:04,006 | Code failed!
2026-09-21 16:09:04,009 | [Cycle 361] 4.54s | index atual: 722 | csrf: oo5ZHTVOWIruSw8nmDZWmE61bUgF6Ldd
2026-09-21 16:09:07,429 | Testing code 0722...
2026-09-21 16:09:07,430 | Code failed!
2026-09-21 16:09:08,563 | Testing code 0723...
2026-09-21 16:09:08,563 | Code failed!
2026-09-21 16:09:08,567 | [Cycle 362] 4.56s | index atual: 724 | csrf: QEcBMyJFVv7uVDUp5FpcDNFHyE1rE2An
2026-09-21 16:09:11,997 | Testing code 0724...
2026-09-21 16:09:11,997 | Code failed!
2026-09-21 16:09:13,113 | Testing code 0725...
2026-09-21 16:09:13,113 | Code failed!
2026-09-21 16:09:13,116 | [Cycle 363] 4.55s | index atual: 726 | csrf: 95Ba7RJgqVbV9bTBjZYWYc0ta4ApTShC
2026-09-21 16:09:16,537 | Testing code 0726...
2026-09-21 16:09:16,538 | Code failed!
2026-09-21 16:09:17,681 | Testing code 0727...
2026-09-21 16:09:17,681 | Code failed!
2026-09-21 16:09:17,684 | [Cycle 364] 4.57s | index atual: 728 | csrf: foIRmUw28B9iiTuL0pE6TOP0JQZaWttE
2026-09-21 16:09:21,097 | Testing code 0728...
2026-09-21 16:09:21,097 | Code failed!
2026-09-21 16:09:22,234 | Testing code 0729...
2026-09-21 16:09:22,234 | Code failed!
2026-09-21 16:09:22,238 | [Cycle 365] 4.55s | index atual: 730 | csrf: TxE8kbsHRwaCIRVI3KU8dUrV16sBvrZ2
2026-09-21 16:09:25,646 | Testing code 0730...
2026-09-21 16:09:25,646 | Code failed!
2026-09-21 16:09:26,826 | Testing code 0731...
2026-09-21 16:09:26,826 | Code failed!
2026-09-21 16:09:26,830 | [Cycle 366] 4.59s | index atual: 732 | csrf: 0khp4alBhIT4nRRYtGf5UjELDpz1PAem
2026-09-21 16:09:30,299 | Testing code 0732...
2026-09-21 16:09:30,300 | Code failed!
2026-09-21 16:09:31,472 | Testing code 0733...
2026-09-21 16:09:31,473 | Code failed!
2026-09-21 16:09:31,476 | [Cycle 367] 4.65s | index atual: 734 | csrf: qQcTau2EtoOZKYaOIP0BAI4Xi4rOxC83
2026-09-21 16:09:35,005 | Testing code 0734...
2026-09-21 16:09:35,006 | Code failed!
2026-09-21 16:09:36,145 | Testing code 0735...
2026-09-21 16:09:36,146 | Code failed!
2026-09-21 16:09:36,149 | [Cycle 368] 4.67s | index atual: 736 | csrf: OAoW2zyJ02uuJbYrQevao037FUW2tx0I
2026-09-21 16:09:39,654 | Testing code 0736...
2026-09-21 16:09:39,654 | Code failed!
2026-09-21 16:09:40,818 | Testing code 0737...
2026-09-21 16:09:40,819 | Code failed!
2026-09-21 16:09:40,822 | [Cycle 369] 4.67s | index atual: 738 | csrf: 499gYizQ9aAaAwNvncpv8fmdPpxC8GPS
2026-09-21 16:09:44,200 | Testing code 0738...
2026-09-21 16:09:44,201 | Code failed!
2026-09-21 16:09:45,313 | Testing code 0739...
2026-09-21 16:09:45,314 | Code failed!
2026-09-21 16:09:45,317 | [Cycle 370] 4.49s | index atual: 740 | csrf: efdym64FgQllXDAAcog32a8qCzbYWYjx
2026-09-21 16:09:48,855 | Testing code 0740...
2026-09-21 16:09:48,856 | Code failed!
2026-09-21 16:09:49,994 | Testing code 0741...
2026-09-21 16:09:49,994 | Code failed!
2026-09-21 16:09:49,997 | [Cycle 371] 4.68s | index atual: 742 | csrf: rwwnVVU6HgMUs8XWQGMclhHmhRyo5MQT
2026-09-21 16:09:53,477 | Testing code 0742...
2026-09-21 16:09:53,477 | Code failed!
2026-09-21 16:09:54,675 | Testing code 0743...
2026-09-21 16:09:54,675 | Code failed!
2026-09-21 16:09:54,679 | [Cycle 372] 4.68s | index atual: 744 | csrf: FXyemaBOYFilOmRglV9qEFIiSW9gNTZK
2026-09-21 16:09:58,149 | Testing code 0744...
2026-09-21 16:09:58,149 | Code failed!
2026-09-21 16:09:59,252 | Testing code 0745...
2026-09-21 16:09:59,252 | Code failed!
2026-09-21 16:09:59,255 | [Cycle 373] 4.58s | index atual: 746 | csrf: BRHXvv6U5xZFWGEL5EsxWOW1omOP7txe
2026-09-21 16:10:02,744 | Testing code 0746...
2026-09-21 16:10:02,744 | Code failed!
2026-09-21 16:10:03,912 | Testing code 0747...
2026-09-21 16:10:03,913 | Code failed!
2026-09-21 16:10:03,916 | [Cycle 374] 4.66s | index atual: 748 | csrf: v73htlWBXNDOu6KtRcp28nE8GDtD6xNR
2026-09-21 16:10:07,433 | Testing code 0748...
2026-09-21 16:10:07,434 | Code failed!
2026-09-21 16:10:08,584 | Testing code 0749...
2026-09-21 16:10:08,584 | Code failed!
2026-09-21 16:10:08,587 | [Cycle 375] 4.67s | index atual: 750 | csrf: fe4nSrFBmH6KtxvYuPlIS6ZKZDlTMmIn
2026-09-21 16:10:12,096 | Testing code 0750...
2026-09-21 16:10:12,096 | Code failed!
2026-09-21 16:10:13,228 | Testing code 0751...
2026-09-21 16:10:13,228 | Code failed!
2026-09-21 16:10:13,231 | [Cycle 376] 4.64s | index atual: 752 | csrf: QF6fsl033bVh8xumqiy2HwanjmWPTKVX
2026-09-21 16:10:16,722 | Testing code 0752...
2026-09-21 16:10:16,723 | Code failed!
2026-09-21 16:10:17,886 | Testing code 0753...
2026-09-21 16:10:17,887 | Code failed!
2026-09-21 16:10:17,890 | [Cycle 377] 4.66s | index atual: 754 | csrf: 7AFGbosuJkkdgCezG6vdQxVazQQyaabN
2026-09-21 16:10:21,374 | Testing code 0754...
2026-09-21 16:10:21,374 | Code failed!
2026-09-21 16:10:22,521 | Testing code 0755...
2026-09-21 16:10:22,521 | Code failed!
2026-09-21 16:10:22,525 | [Cycle 378] 4.63s | index atual: 756 | csrf: eKwPWu84y2hQEOfzw3lems8E5rrqlcAt
2026-09-21 16:10:26,011 | Testing code 0756...
2026-09-21 16:10:26,011 | Code failed!
2026-09-21 16:10:27,210 | Testing code 0757...
2026-09-21 16:10:27,210 | Code failed!
2026-09-21 16:10:27,214 | [Cycle 379] 4.69s | index atual: 758 | csrf: U56z1JWODntE4Rz0DmMr22WZl79Ms12Q
2026-09-21 16:10:30,732 | Testing code 0758...
2026-09-21 16:10:30,732 | Code failed!
2026-09-21 16:10:31,872 | Testing code 0759...
2026-09-21 16:10:31,873 | Code failed!
2026-09-21 16:10:31,876 | [Cycle 380] 4.66s | index atual: 760 | csrf: JyejtCXgK5ptdpfiVYRBpN99fq6mX0fG
2026-09-21 16:10:35,398 | Testing code 0760...
2026-09-21 16:10:35,398 | Code failed!
2026-09-21 16:10:36,580 | Testing code 0761...
2026-09-21 16:10:36,580 | Code failed!
2026-09-21 16:10:36,584 | [Cycle 381] 4.71s | index atual: 762 | csrf: ZCWh0tXkyK9XwYMhjSr320LY9tFE423x
2026-09-21 16:10:40,056 | Testing code 0762...
2026-09-21 16:10:40,056 | Code failed!
2026-09-21 16:10:41,212 | Testing code 0763...
2026-09-21 16:10:41,212 | Code failed!
2026-09-21 16:10:41,215 | [Cycle 382] 4.63s | index atual: 764 | csrf: DuYv84STeySVJplumEP8mNVfaiG8Wixy
2026-09-21 16:10:44,721 | Testing code 0764...
2026-09-21 16:10:44,721 | Code failed!
2026-09-21 16:10:45,817 | Testing code 0765...
2026-09-21 16:10:45,817 | Code failed!
2026-09-21 16:10:45,821 | [Cycle 383] 4.61s | index atual: 766 | csrf: 0jWcvteUSMZbNWgZekd3w0Gr0hErHERv
2026-09-21 16:10:49,316 | Testing code 0766...
2026-09-21 16:10:49,316 | Code failed!
2026-09-21 16:10:50,456 | Testing code 0767...
2026-09-21 16:10:50,456 | Code failed!
2026-09-21 16:10:50,460 | [Cycle 384] 4.64s | index atual: 768 | csrf: d5jHAsipPFFTaAiyFhxS852ed8hpCtqo
2026-09-21 16:10:53,888 | Testing code 0768...
2026-09-21 16:10:53,888 | Code failed!
2026-09-21 16:10:54,994 | Testing code 0769...
2026-09-21 16:10:54,994 | Code failed!
2026-09-21 16:10:54,998 | [Cycle 385] 4.54s | index atual: 770 | csrf: 9jztMpG9oMZEN2kxf6dXliulI5paQ5VX
2026-09-21 16:10:58,468 | Testing code 0770...
2026-09-21 16:10:58,469 | Code failed!
2026-09-21 16:10:59,637 | Testing code 0771...
2026-09-21 16:10:59,637 | Code failed!
2026-09-21 16:10:59,640 | [Cycle 386] 4.64s | index atual: 772 | csrf: xmnDdrgjXfq2bCUNjsm26pR6yUxH3RdS
2026-09-21 16:11:03,109 | Testing code 0772...
2026-09-21 16:11:03,109 | Code failed!
2026-09-21 16:11:04,277 | Testing code 0773...
2026-09-21 16:11:04,277 | Code failed!
2026-09-21 16:11:04,281 | [Cycle 387] 4.64s | index atual: 774 | csrf: dvwWyJ6Ahb6pWRWBlToZCPqxRTeBQKgs
2026-09-21 16:11:07,722 | Testing code 0774...
2026-09-21 16:11:07,723 | Code failed!
2026-09-21 16:11:08,870 | Testing code 0775...
2026-09-21 16:11:08,870 | Code failed!
2026-09-21 16:11:08,874 | [Cycle 388] 4.59s | index atual: 776 | csrf: ZWnxNS9Bj29BJiyHXKTfFrikqvA6osI2
2026-09-21 16:11:12,345 | Testing code 0776...
2026-09-21 16:11:12,345 | Code failed!
2026-09-21 16:11:13,493 | Testing code 0777...
2026-09-21 16:11:13,493 | Code failed!
2026-09-21 16:11:13,496 | [Cycle 389] 4.62s | index atual: 778 | csrf: YHNkHpHLdJWh0uSiEgY9VHRw7BNH2FZI
2026-09-21 16:11:17,030 | Testing code 0778...
2026-09-21 16:11:17,030 | Code failed!
2026-09-21 16:11:18,208 | Testing code 0779...
2026-09-21 16:11:18,209 | Code failed!
2026-09-21 16:11:18,212 | [Cycle 390] 4.72s | index atual: 780 | csrf: DnBcNj7EZ9auMEZ7L4jNtcEre5mu0iMH
2026-09-21 16:11:21,711 | Testing code 0780...
2026-09-21 16:11:21,711 | Code failed!
2026-09-21 16:11:22,851 | Testing code 0781...
2026-09-21 16:11:22,852 | Code failed!
2026-09-21 16:11:22,855 | [Cycle 391] 4.64s | index atual: 782 | csrf: 2jwTaww1HVMwE5Y4bxdA7ljHbaLVqaIu
2026-09-21 16:11:26,295 | Testing code 0782...
2026-09-21 16:11:26,295 | Code failed!
2026-09-21 16:11:27,449 | Testing code 0783...
2026-09-21 16:11:27,449 | Code failed!
2026-09-21 16:11:27,452 | [Cycle 392] 4.60s | index atual: 784 | csrf: 9hVhfvi557NPKHm9aowmEo7KVvByBkEe
2026-09-21 16:11:30,814 | Testing code 0784...
2026-09-21 16:11:30,814 | Code failed!
2026-09-21 16:11:31,988 | Testing code 0785...
2026-09-21 16:11:31,988 | Code failed!
2026-09-21 16:11:31,991 | [Cycle 393] 4.54s | index atual: 786 | csrf: npTQznshjzuSKMEFmFhNALJVNtvWVbbH
2026-09-21 16:11:35,476 | Testing code 0786...
2026-09-21 16:11:35,476 | Code failed!
2026-09-21 16:11:36,653 | Testing code 0787...
2026-09-21 16:11:36,654 | Code failed!
2026-09-21 16:11:36,657 | [Cycle 394] 4.67s | index atual: 788 | csrf: GJc3hhhfpKuzQPWFtvYpyVcl2KasSjX0
2026-09-21 16:11:40,063 | Testing code 0788...
2026-09-21 16:11:40,064 | Code failed!
2026-09-21 16:11:41,203 | Testing code 0789...
2026-09-21 16:11:41,203 | Code failed!
2026-09-21 16:11:41,207 | [Cycle 395] 4.55s | index atual: 790 | csrf: u65QNLTLknDbBlI5X0sRal8Di0aDAPkh
2026-09-21 16:11:44,590 | Testing code 0790...
2026-09-21 16:11:44,590 | Code failed!
2026-09-21 16:11:45,730 | Testing code 0791...
2026-09-21 16:11:45,730 | Code failed!
2026-09-21 16:11:45,733 | [Cycle 396] 4.53s | index atual: 792 | csrf: 3hUtnI5nSHofN7uHntvd8KkgGYlHgXcy
2026-09-21 16:11:49,164 | Testing code 0792...
2026-09-21 16:11:49,164 | Code failed!
2026-09-21 16:11:50,281 | Testing code 0793...
2026-09-21 16:11:50,281 | Code failed!
2026-09-21 16:11:50,284 | [Cycle 397] 4.55s | index atual: 794 | csrf: 4ZNjYMgVfMIoY4HuYIHAYWja4G7t14K7
2026-09-21 16:11:53,748 | Testing code 0794...
2026-09-21 16:11:53,748 | Code failed!
2026-09-21 16:11:54,876 | Testing code 0795...
2026-09-21 16:11:54,876 | Code failed!
2026-09-21 16:11:54,879 | [Cycle 398] 4.60s | index atual: 796 | csrf: MMHUt3kwQDqfYSILxDCzFZB8iMf8dVoi
2026-09-21 16:11:58,298 | Testing code 0796...
2026-09-21 16:11:58,298 | Code failed!
2026-09-21 16:11:59,434 | Testing code 0797...
2026-09-21 16:11:59,434 | Code failed!
2026-09-21 16:11:59,438 | [Cycle 399] 4.56s | index atual: 798 | csrf: JhjheE6r9Mn1fOJgzhUmS36CeISDWcLl
2026-09-21 16:12:02,866 | Testing code 0798...
2026-09-21 16:12:02,866 | Code failed!
2026-09-21 16:12:04,029 | Testing code 0799...
2026-09-21 16:12:04,029 | Code failed!
2026-09-21 16:12:04,033 | [Cycle 400] 4.59s | index atual: 800 | csrf: wophTlRieWatgZ8JfxGEFOplqUnKkH0N
2026-09-21 16:12:07,429 | Testing code 0800...
2026-09-21 16:12:07,429 | Code failed!
2026-09-21 16:12:08,587 | Testing code 0801...
2026-09-21 16:12:08,587 | Code failed!
2026-09-21 16:12:08,590 | [Cycle 401] 4.56s | index atual: 802 | csrf: 5KW6IGBdPFXUh6awYS3F0zHEE7Rk5WJv
2026-09-21 16:12:12,010 | Testing code 0802...
2026-09-21 16:12:12,010 | Code failed!
2026-09-21 16:12:13,120 | Testing code 0803...
2026-09-21 16:12:13,120 | Code failed!
2026-09-21 16:12:13,123 | [Cycle 402] 4.53s | index atual: 804 | csrf: GYr4RsiVkAZycrp97MVJD9myyxzTogQU
2026-09-21 16:12:16,518 | Testing code 0804...
2026-09-21 16:12:16,518 | Code failed!
2026-09-21 16:12:17,655 | Testing code 0805...
2026-09-21 16:12:17,655 | Code failed!
2026-09-21 16:12:17,659 | [Cycle 403] 4.54s | index atual: 806 | csrf: fojguQJIRVxsf9VzoYlXJ4YDcpVcqnsd
2026-09-21 16:12:21,060 | Testing code 0806...
2026-09-21 16:12:21,060 | Code failed!
2026-09-21 16:12:22,219 | Testing code 0807...
2026-09-21 16:12:22,219 | Code failed!
2026-09-21 16:12:22,223 | [Cycle 404] 4.56s | index atual: 808 | csrf: iQ3BZOjEEsvjuFse8ZhYFDdIGZ6knv4T
2026-09-21 16:12:25,639 | Testing code 0808...
2026-09-21 16:12:25,640 | Code failed!
2026-09-21 16:12:26,749 | Testing code 0809...
2026-09-21 16:12:26,749 | Code failed!
2026-09-21 16:12:26,752 | [Cycle 405] 4.53s | index atual: 810 | csrf: fSdupjAEkhevsb6YzsI5V44BC77QiNCq
2026-09-21 16:12:30,149 | Testing code 0810...
2026-09-21 16:12:30,149 | Code failed!
2026-09-21 16:12:31,290 | Testing code 0811...
2026-09-21 16:12:31,290 | Code failed!
2026-09-21 16:12:31,293 | [Cycle 406] 4.54s | index atual: 812 | csrf: HZPgjxj75ifZFmArKM4vpAilCHINQv0d
2026-09-21 16:12:34,720 | Testing code 0812...
2026-09-21 16:12:34,720 | Code failed!
2026-09-21 16:12:35,854 | Testing code 0813...
2026-09-21 16:12:35,854 | Code failed!
2026-09-21 16:12:35,858 | [Cycle 407] 4.56s | index atual: 814 | csrf: WIEgrBqdnvGbyaX9lAfXkn8ghep9XgHX
2026-09-21 16:12:39,241 | Testing code 0814...
2026-09-21 16:12:39,242 | Code failed!
2026-09-21 16:12:40,380 | Testing code 0815...
2026-09-21 16:12:40,380 | Code failed!
2026-09-21 16:12:40,383 | [Cycle 408] 4.53s | index atual: 816 | csrf: vqunDYryhQn1NI0pZubbjtaONhL5x62E
2026-09-21 16:12:43,778 | Testing code 0816...
2026-09-21 16:12:43,778 | Code failed!
2026-09-21 16:12:44,926 | Testing code 0817...
2026-09-21 16:12:44,926 | Code failed!
2026-09-21 16:12:44,930 | [Cycle 409] 4.55s | index atual: 818 | csrf: FBErWMTG93iHvM66e2j2wk45Zv1ocJvq
2026-09-21 16:12:48,291 | Testing code 0818...
2026-09-21 16:12:48,291 | Code failed!
2026-09-21 16:12:49,391 | Testing code 0819...
2026-09-21 16:12:49,391 | Code failed!
2026-09-21 16:12:49,395 | [Cycle 410] 4.46s | index atual: 820 | csrf: PNzJI4AXea7TNHF6kJlAJOTWAXUAH7JZ
2026-09-21 16:12:52,823 | Testing code 0820...
2026-09-21 16:12:52,823 | Code failed!
2026-09-21 16:12:53,956 | Testing code 0821...
2026-09-21 16:12:53,956 | Code failed!
2026-09-21 16:12:53,960 | [Cycle 411] 4.56s | index atual: 822 | csrf: Ux8hK49VHu4gVnfTburyh02ChSB7aemW
2026-09-21 16:12:57,444 | Testing code 0822...
2026-09-21 16:12:57,444 | Code failed!
2026-09-21 16:12:58,582 | Testing code 0823...
2026-09-21 16:12:58,582 | Code failed!
2026-09-21 16:12:58,585 | [Cycle 412] 4.63s | index atual: 824 | csrf: DZf3mWEbnbBar1ceEhNDjsxSpnL5QP5T
2026-09-21 16:13:02,050 | Testing code 0824...
2026-09-21 16:13:02,050 | Code failed!
2026-09-21 16:13:03,214 | Testing code 0825...
2026-09-21 16:13:03,214 | Code failed!
2026-09-21 16:13:03,217 | [Cycle 413] 4.63s | index atual: 826 | csrf: aArT4IxI6YZ57N4IS8zUC2C2nErJ8KUK
2026-09-21 16:13:06,588 | Testing code 0826...
2026-09-21 16:13:06,588 | Code failed!
2026-09-21 16:13:07,729 | Testing code 0827...
2026-09-21 16:13:07,729 | Code failed!
2026-09-21 16:13:07,732 | [Cycle 414] 4.51s | index atual: 828 | csrf: 8uQTKA4RAW6YZToZwz4xwfTSXb6RzqkH
2026-09-21 16:13:11,144 | Testing code 0828...
2026-09-21 16:13:11,144 | Code failed!
2026-09-21 16:13:12,324 | Testing code 0829...
2026-09-21 16:13:12,324 | Code failed!
2026-09-21 16:13:12,328 | [Cycle 415] 4.60s | index atual: 830 | csrf: hGwF5lJuOIIuNuQbQS1uJCoWuhwy2VeE
2026-09-21 16:13:15,724 | Testing code 0830...
2026-09-21 16:13:15,725 | Code failed!
2026-09-21 16:13:16,866 | Testing code 0831...
2026-09-21 16:13:16,866 | Code failed!
2026-09-21 16:13:16,869 | [Cycle 416] 4.54s | index atual: 832 | csrf: AXDGpE7CXMqOp03he3FaDPW1c96rAwOA
2026-09-21 16:13:20,302 | Testing code 0832...
2026-09-21 16:13:20,302 | Code failed!
2026-09-21 16:13:21,414 | Testing code 0833...
2026-09-21 16:13:21,414 | Code failed!
2026-09-21 16:13:21,418 | [Cycle 417] 4.55s | index atual: 834 | csrf: uaz6Y7Ee0YjtVMteOOJPDSOo6pWn0OOB
2026-09-21 16:13:24,922 | Testing code 0834...
2026-09-21 16:13:24,922 | Code failed!
2026-09-21 16:13:26,068 | Testing code 0835...
2026-09-21 16:13:26,068 | Code failed!
2026-09-21 16:13:26,072 | [Cycle 418] 4.65s | index atual: 836 | csrf: BVU6zFT8p82MzZx68i8XfHBAxyp6xNtV
2026-09-21 16:13:29,609 | Testing code 0836...
2026-09-21 16:13:29,609 | Code failed!
2026-09-21 16:13:30,781 | Testing code 0837...
2026-09-21 16:13:30,781 | Code failed!
2026-09-21 16:13:30,785 | [Cycle 419] 4.71s | index atual: 838 | csrf: VlnDx61KANUg1HEXheHctfoYvbOfTnlK
2026-09-21 16:13:34,241 | Testing code 0838...
2026-09-21 16:13:34,241 | Code failed!
2026-09-21 16:13:35,383 | Testing code 0839...
2026-09-21 16:13:35,383 | Code failed!
2026-09-21 16:13:35,386 | [Cycle 420] 4.60s | index atual: 840 | csrf: w8d1b4rU1GRwSvgBthhkkI6onwNexjDG
2026-09-21 16:13:38,858 | Testing code 0840...
2026-09-21 16:13:38,858 | Code failed!
2026-09-21 16:13:40,017 | Testing code 0841...
2026-09-21 16:13:40,017 | Code failed!
2026-09-21 16:13:40,021 | [Cycle 421] 4.63s | index atual: 842 | csrf: Tle6qtE1hs8GzFHHYquQLEcwRjX8J69B
2026-09-21 16:13:43,531 | Testing code 0842...
2026-09-21 16:13:43,531 | Code failed!
2026-09-21 16:13:44,709 | Testing code 0843...
2026-09-21 16:13:44,709 | Code failed!
2026-09-21 16:13:44,713 | [Cycle 422] 4.69s | index atual: 844 | csrf: 9TboROt3if9zGYOrP59EVnQilfXxBkbw
2026-09-21 16:13:48,107 | Testing code 0844...
2026-09-21 16:13:48,107 | Code failed!
2026-09-21 16:13:49,257 | Testing code 0845...
2026-09-21 16:13:49,257 | Code failed!
2026-09-21 16:13:49,260 | [Cycle 423] 4.55s | index atual: 846 | csrf: EZlwRDAWbpA9rRwyoRDTQznB45cpPCye
2026-09-21 16:13:52,721 | Testing code 0846...
2026-09-21 16:13:52,721 | Code failed!
2026-09-21 16:13:53,935 | Testing code 0847...
2026-09-21 16:13:53,935 | Code failed!
2026-09-21 16:13:53,939 | [Cycle 424] 4.68s | index atual: 848 | csrf: wyfatvouXFy1bP7rvdN8QNsBNRGTxc1f
2026-09-21 16:13:57,302 | Testing code 0848...
2026-09-21 16:13:57,302 | Code failed!
2026-09-21 16:13:58,438 | Testing code 0849...
2026-09-21 16:13:58,438 | Code failed!
2026-09-21 16:13:58,441 | [Cycle 425] 4.50s | index atual: 850 | csrf: MGBgBah0HX9NYlJuuEl2E3xqoBYQ7CFs
2026-09-21 16:14:01,909 | Testing code 0850...
2026-09-21 16:14:01,909 | Code failed!
2026-09-21 16:14:03,068 | Testing code 0851...
2026-09-21 16:14:03,069 | Code failed!
2026-09-21 16:14:03,072 | [Cycle 426] 4.63s | index atual: 852 | csrf: 9zIlsQNCt8quC22S6Ukf4Po7NFxyEzSp
2026-09-21 16:14:06,518 | Testing code 0852...
2026-09-21 16:14:06,518 | Code failed!
2026-09-21 16:14:07,634 | Testing code 0853...
2026-09-21 16:14:07,634 | Code failed!
2026-09-21 16:14:07,638 | [Cycle 427] 4.57s | index atual: 854 | csrf: ikdC9QYPAeOxmSH5FYGyvMWC0GAuhECi
2026-09-21 16:14:11,089 | Testing code 0854...
2026-09-21 16:14:11,090 | Code failed!
2026-09-21 16:14:12,279 | Testing code 0855...
2026-09-21 16:14:12,279 | Code failed!
2026-09-21 16:14:12,282 | [Cycle 428] 4.64s | index atual: 856 | csrf: ZhoR99zPDEae7zNHJe70YZOLVxfy5Axq
2026-09-21 16:14:15,762 | Testing code 0856...
2026-09-21 16:14:15,762 | Code failed!
2026-09-21 16:14:16,913 | Testing code 0857...
2026-09-21 16:14:16,913 | Code failed!
2026-09-21 16:14:16,917 | [Cycle 429] 4.63s | index atual: 858 | csrf: 16ss8XuB8mlZfIdvQTggSfnfTVtw5cus
2026-09-21 16:14:20,425 | Testing code 0858...
2026-09-21 16:14:20,425 | Code failed!
2026-09-21 16:14:21,554 | Testing code 0859...
2026-09-21 16:14:21,554 | Code failed!
2026-09-21 16:14:21,558 | [Cycle 430] 4.64s | index atual: 860 | csrf: zvYMiRr6DsrNRlnoA1TpVdbQAWFMfg9R
2026-09-21 16:14:25,125 | Testing code 0860...
2026-09-21 16:14:25,125 | Code failed!
2026-09-21 16:14:26,268 | Testing code 0861...
2026-09-21 16:14:26,268 | Code failed!
2026-09-21 16:14:26,272 | [Cycle 431] 4.71s | index atual: 862 | csrf: q1A0peDwjtae2CdGCMkkcRgYJsD4XYrN
2026-09-21 16:14:29,733 | Testing code 0862...
2026-09-21 16:14:29,734 | Code failed!
2026-09-21 16:14:30,896 | Testing code 0863...
2026-09-21 16:14:30,896 | Code failed!
2026-09-21 16:14:30,900 | [Cycle 432] 4.63s | index atual: 864 | csrf: nNFAZ1qUbGmsWRIb8XdxgkOBks4RFwUE
2026-09-21 16:14:34,326 | Testing code 0864...
2026-09-21 16:14:34,326 | Code failed!
2026-09-21 16:14:35,486 | Testing code 0865...
2026-09-21 16:14:35,487 | Code failed!
2026-09-21 16:14:35,490 | [Cycle 433] 4.59s | index atual: 866 | csrf: rLWzlk0RCXz8m0BoOvzjdcd5F50FvxQ0
2026-09-21 16:14:39,008 | Testing code 0866...
2026-09-21 16:14:39,008 | Code failed!
2026-09-21 16:14:40,145 | Testing code 0867...
2026-09-21 16:14:40,145 | Code failed!
2026-09-21 16:14:40,148 | [Cycle 434] 4.66s | index atual: 868 | csrf: cxC9wh459y78lU5ush7jVKU02PfAafdV
2026-09-21 16:14:43,537 | Testing code 0868...
2026-09-21 16:14:43,537 | Code failed!
2026-09-21 16:14:44,743 | Testing code 0869...
2026-09-21 16:14:44,743 | Code failed!
2026-09-21 16:14:44,746 | [Cycle 435] 4.60s | index atual: 870 | csrf: 4lvaLKHaFrJflt46GPBIuURpAm3QuHnd
2026-09-21 16:14:48,193 | Testing code 0870...
2026-09-21 16:14:48,193 | Code failed!
2026-09-21 16:14:49,330 | Testing code 0871...
2026-09-21 16:14:49,331 | Code failed!
2026-09-21 16:14:49,334 | [Cycle 436] 4.59s | index atual: 872 | csrf: FOLzOsQPG4IZjSM7vQm95l0HbaytNZd1
2026-09-21 16:14:52,834 | Testing code 0872...
2026-09-21 16:14:52,835 | Code failed!
2026-09-21 16:14:54,100 | Testing code 0873...
2026-09-21 16:14:54,100 | Code failed!
2026-09-21 16:14:54,104 | [Cycle 437] 4.77s | index atual: 874 | csrf: IuIL4BZOImcKK2JAaLGiKSTrZL6CdYNo
2026-09-21 16:14:57,573 | Testing code 0874...
2026-09-21 16:14:57,573 | Code failed!
2026-09-21 16:14:58,704 | Testing code 0875...
2026-09-21 16:14:58,705 | Code failed!
2026-09-21 16:14:58,708 | [Cycle 438] 4.60s | index atual: 876 | csrf: RZTFDWNIXHfdD8LH1ThYzuUdunAfcrQp
2026-09-21 16:15:02,236 | Testing code 0876...
2026-09-21 16:15:02,236 | Code failed!
2026-09-21 16:15:03,349 | Testing code 0877...
2026-09-21 16:15:03,349 | Code failed!
2026-09-21 16:15:03,352 | [Cycle 439] 4.64s | index atual: 878 | csrf: 3c4J94owEfbZMyE2RQh922bC087xA6cT
2026-09-21 16:15:06,747 | Testing code 0878...
2026-09-21 16:15:06,747 | Code failed!
2026-09-21 16:15:07,898 | Testing code 0879...
2026-09-21 16:15:07,898 | Code failed!
2026-09-21 16:15:07,902 | [Cycle 440] 4.55s | index atual: 880 | csrf: TbUDYWI7XMYsbyJQ7clp23ZkLeU3LdqY
2026-09-21 16:15:11,329 | Testing code 0880...
2026-09-21 16:15:11,330 | Code failed!
2026-09-21 16:15:12,499 | Testing code 0881...
2026-09-21 16:15:12,499 | Code failed!
2026-09-21 16:15:12,502 | [Cycle 441] 4.60s | index atual: 882 | csrf: tHukh4o8x7m3ZfXUMOAipUykD35mhbKs
2026-09-21 16:15:16,019 | Testing code 0882...
2026-09-21 16:15:16,019 | Code failed!
2026-09-21 16:15:17,196 | Testing code 0883...
2026-09-21 16:15:17,196 | Code failed!
2026-09-21 16:15:17,199 | [Cycle 442] 4.70s | index atual: 884 | csrf: 8bVzfS0jBPSxYB6SygPuo0fp53GJIWok
2026-09-21 16:15:20,704 | Testing code 0884...
2026-09-21 16:15:20,704 | Code failed!
2026-09-21 16:15:21,837 | Testing code 0885...
2026-09-21 16:15:21,837 | Code failed!
2026-09-21 16:15:21,840 | [Cycle 443] 4.64s | index atual: 886 | csrf: KS2N2V3TyONX3dZb9piE2NJEjWrF8q4a
2026-09-21 16:15:25,271 | Testing code 0886...
2026-09-21 16:15:25,271 | Code failed!
2026-09-21 16:15:26,435 | Testing code 0887...
2026-09-21 16:15:26,436 | Code failed!
2026-09-21 16:15:26,439 | [Cycle 444] 4.60s | index atual: 888 | csrf: Pc8yu4HDZCw9k3vWkLlU68AcePqIsWCj
2026-09-21 16:15:29,832 | Testing code 0888...
2026-09-21 16:15:29,832 | Code failed!
2026-09-21 16:15:30,960 | Testing code 0889...
2026-09-21 16:15:30,961 | Code failed!
2026-09-21 16:15:30,964 | [Cycle 445] 4.53s | index atual: 890 | csrf: PZdkHGhzJLKm6pWtqxV71sG9FjTNjpZC
2026-09-21 16:15:34,380 | Testing code 0890...
2026-09-21 16:15:34,380 | Code failed!
2026-09-21 16:15:35,534 | Testing code 0891...
2026-09-21 16:15:35,534 | Code failed!
2026-09-21 16:15:35,537 | [Cycle 446] 4.57s | index atual: 892 | csrf: YF2AiGbHmvNMoGXpeEWOMeZ3eV8FdpMY
2026-09-21 16:15:38,928 | Testing code 0892...
2026-09-21 16:15:38,928 | Code failed!
2026-09-21 16:15:40,048 | Testing code 0893...
2026-09-21 16:15:40,048 | Code failed!
2026-09-21 16:15:40,052 | [Cycle 447] 4.51s | index atual: 894 | csrf: qBPbiikoQJgQmxX0FLkStkEVum1yQTYP
2026-09-21 16:15:43,502 | Testing code 0894...
2026-09-21 16:15:43,502 | Code failed!
2026-09-21 16:15:44,635 | Testing code 0895...
2026-09-21 16:15:44,635 | Code failed!
2026-09-21 16:15:44,638 | [Cycle 448] 4.59s | index atual: 896 | csrf: YVZBaEzci6sdd8Yt8RP2pbdaYIczLCxe
2026-09-21 16:15:48,063 | Testing code 0896...
2026-09-21 16:15:48,063 | Code failed!
2026-09-21 16:15:49,224 | Testing code 0897...
2026-09-21 16:15:49,224 | Code failed!
2026-09-21 16:15:49,228 | [Cycle 449] 4.59s | index atual: 898 | csrf: UegCYyK0Pnzoyfg4TlKSmfNTJobzATMc
2026-09-21 16:15:52,617 | Testing code 0898...
2026-09-21 16:15:52,617 | Code failed!
2026-09-21 16:15:53,777 | Testing code 0899...
2026-09-21 16:15:53,778 | Code failed!
2026-09-21 16:15:53,781 | [Cycle 450] 4.55s | index atual: 900 | csrf: oxlyNwApOVTHYvpaKw4dhvvhjBflJM05
2026-09-21 16:15:57,186 | Testing code 0900...
2026-09-21 16:15:57,186 | Code failed!
2026-09-21 16:15:58,305 | Testing code 0901...
2026-09-21 16:15:58,305 | Code failed!
2026-09-21 16:15:58,308 | [Cycle 451] 4.53s | index atual: 902 | csrf: 5nfBhtlr1Gvh3OG1rI5BuV7p3M01V75b
2026-09-21 16:16:01,723 | Testing code 0902...
2026-09-21 16:16:01,723 | Code failed!
2026-09-21 16:16:02,833 | Testing code 0903...
2026-09-21 16:16:02,833 | Code failed!
2026-09-21 16:16:02,836 | [Cycle 452] 4.53s | index atual: 904 | csrf: 5B0Vf4dixl61VTpYFWhCrTPxo03meBGJ
2026-09-21 16:16:06,288 | Testing code 0904...
2026-09-21 16:16:06,288 | Code failed!
2026-09-21 16:16:07,445 | Testing code 0905...
2026-09-21 16:16:07,446 | Code failed!
2026-09-21 16:16:07,449 | [Cycle 453] 4.61s | index atual: 906 | csrf: 780reNN6yqJvaKPuTKQPd7yF4mqHWQTK
2026-09-21 16:16:10,890 | Testing code 0906...
2026-09-21 16:16:10,890 | Code failed!
2026-09-21 16:16:11,999 | Testing code 0907...
2026-09-21 16:16:12,000 | Code failed!
2026-09-21 16:16:12,003 | [Cycle 454] 4.55s | index atual: 908 | csrf: R7NFN8E51hj7L5lemIRxd5S7tq6dg4qQ
2026-09-21 16:16:15,411 | Testing code 0908...
2026-09-21 16:16:15,411 | Code failed!
2026-09-21 16:16:16,583 | Testing code 0909...
2026-09-21 16:16:16,583 | Code failed!
2026-09-21 16:16:16,586 | [Cycle 455] 4.58s | index atual: 910 | csrf: zCFUPR0oO1R2Wsk4ftHNdPkwlxz3aowN
2026-09-21 16:16:19,964 | Testing code 0910...
2026-09-21 16:16:19,964 | Code failed!
2026-09-21 16:16:21,119 | Testing code 0911...
2026-09-21 16:16:21,119 | Code failed!
2026-09-21 16:16:21,122 | [Cycle 456] 4.54s | index atual: 912 | csrf: jtXQsFDDmX58ucFilAOBV1ObQDvSaNLV
2026-09-21 16:16:24,657 | Testing code 0912...
2026-09-21 16:16:24,657 | Code failed!
2026-09-21 16:16:25,803 | Testing code 0913...
2026-09-21 16:16:25,803 | Code failed!
2026-09-21 16:16:25,807 | [Cycle 457] 4.68s | index atual: 914 | csrf: wh9OkkakqVMnohaUZRIhKWAcXDXK7RRV
2026-09-21 16:16:29,283 | Testing code 0914...
2026-09-21 16:16:29,283 | Code failed!
2026-09-21 16:16:30,394 | Testing code 0915...
2026-09-21 16:16:30,394 | Code failed!
2026-09-21 16:16:30,397 | [Cycle 458] 4.59s | index atual: 916 | csrf: YDXlWvQOwKSrHb4zyZ5X0lrFySTpJtrW
2026-09-21 16:16:33,892 | Testing code 0916...
2026-09-21 16:16:33,892 | Code failed!
2026-09-21 16:16:35,052 | Testing code 0917...
2026-09-21 16:16:35,052 | Code failed!
2026-09-21 16:16:35,055 | [Cycle 459] 4.66s | index atual: 918 | csrf: 94QQIed3NrwEyhjPF2CbiHkPhTdPW5On
2026-09-21 16:16:38,548 | Testing code 0918...
2026-09-21 16:16:38,549 | Code failed!
2026-09-21 16:16:39,729 | Testing code 0919...
2026-09-21 16:16:39,729 | Code failed!
2026-09-21 16:16:39,732 | [Cycle 460] 4.68s | index atual: 920 | csrf: BSaYtymCS7qW3BQfvvd1h4ADhPCthxzW
2026-09-21 16:16:43,232 | Testing code 0920...
2026-09-21 16:16:43,233 | Code failed!
2026-09-21 16:16:44,377 | Testing code 0921...
2026-09-21 16:16:44,377 | Code failed!
2026-09-21 16:16:44,380 | [Cycle 461] 4.65s | index atual: 922 | csrf: jg4JCKYbR3QSjW45TCIu3H8bPfRk7l8I
2026-09-21 16:16:47,850 | Testing code 0922...
2026-09-21 16:16:47,850 | Code failed!
2026-09-21 16:16:48,980 | Testing code 0923...
2026-09-21 16:16:48,980 | Code failed!
2026-09-21 16:16:48,983 | [Cycle 462] 4.60s | index atual: 924 | csrf: UgES9N9v1Bd5jjec1w7naaQFfuJabC96
2026-09-21 16:16:52,450 | Testing code 0924...
2026-09-21 16:16:52,450 | Code failed!
2026-09-21 16:16:53,623 | Testing code 0925...
2026-09-21 16:16:53,623 | Code failed!
2026-09-21 16:16:53,626 | [Cycle 463] 4.64s | index atual: 926 | csrf: U99s6691aByWeebecQnoghMZS4WUfiWm
2026-09-21 16:16:57,173 | Testing code 0926...
2026-09-21 16:16:57,173 | Code failed!
2026-09-21 16:16:58,330 | Testing code 0927...
2026-09-21 16:16:58,331 | Code failed!
2026-09-21 16:16:58,334 | [Cycle 464] 4.71s | index atual: 928 | csrf: 7s5SD6wTdnHyVbOXyA1vMUBibftNDu0s
2026-09-21 16:17:01,821 | Testing code 0928...
2026-09-21 16:17:01,821 | Code failed!
2026-09-21 16:17:02,977 | Testing code 0929...
2026-09-21 16:17:02,977 | Code failed!
2026-09-21 16:17:02,981 | [Cycle 465] 4.65s | index atual: 930 | csrf: xsaduaMAal41S2rlAFoppIli5LzHWJBc
2026-09-21 16:17:06,332 | Testing code 0930...
2026-09-21 16:17:06,332 | Code failed!
2026-09-21 16:17:07,495 | Testing code 0931...
2026-09-21 16:17:07,496 | Code failed!
2026-09-21 16:17:07,499 | [Cycle 466] 4.52s | index atual: 932 | csrf: ir7tpBsRNB8jWdSVbIKr8aqDZX2jx20j
2026-09-21 16:17:10,932 | Testing code 0932...
2026-09-21 16:17:10,932 | Code failed!
2026-09-21 16:17:12,141 | Testing code 0933...
2026-09-21 16:17:12,141 | Code failed!
2026-09-21 16:17:12,144 | [Cycle 467] 4.64s | index atual: 934 | csrf: Z9roI2Cx0baWQga5W19jWcwq3UoBKNLD
2026-09-21 16:17:15,629 | Testing code 0934...
2026-09-21 16:17:15,629 | Code failed!
2026-09-21 16:17:16,769 | Testing code 0935...
2026-09-21 16:17:16,769 | Code failed!
2026-09-21 16:17:16,773 | [Cycle 468] 4.63s | index atual: 936 | csrf: DRaB5gLkvRFWV1cSMsdrrNpgWZp6sjQ6
2026-09-21 16:17:20,277 | Testing code 0936...
2026-09-21 16:17:20,278 | Code failed!
2026-09-21 16:17:21,474 | Testing code 0937...
2026-09-21 16:17:21,475 | Code failed!
2026-09-21 16:17:21,478 | [Cycle 469] 4.71s | index atual: 938 | csrf: 3IG1q8UxvEMgnH7Nym90SYtNOnpKyKgt
2026-09-21 16:17:24,934 | Testing code 0938...
2026-09-21 16:17:24,934 | Code failed!
2026-09-21 16:17:26,122 | Testing code 0939...
2026-09-21 16:17:26,122 | Code failed!
2026-09-21 16:17:26,126 | [Cycle 470] 4.65s | index atual: 940 | csrf: jcYEuPgLYDFb4hiikGuPIgxIojnKs1gx
2026-09-21 16:17:29,575 | Testing code 0940...
2026-09-21 16:17:29,576 | Code failed!
2026-09-21 16:17:30,733 | Testing code 0941...
2026-09-21 16:17:30,734 | Code failed!
2026-09-21 16:17:30,737 | [Cycle 471] 4.61s | index atual: 942 | csrf: PBjsnMFQu1fOy4f7lcilb9QyOax1Hp6j
2026-09-21 16:17:34,137 | Testing code 0942...
2026-09-21 16:17:34,137 | Code failed!
2026-09-21 16:17:35,286 | Testing code 0943...
2026-09-21 16:17:35,286 | Code failed!
2026-09-21 16:17:35,289 | [Cycle 472] 4.55s | index atual: 944 | csrf: LiXo94CJG8afGFdNjHJzJhv6LscVqHj9
2026-09-21 16:17:38,846 | Testing code 0944...
2026-09-21 16:17:38,846 | Code failed!
2026-09-21 16:17:39,981 | Testing code 0945...
2026-09-21 16:17:39,981 | Code failed!
2026-09-21 16:17:39,985 | [Cycle 473] 4.70s | index atual: 946 | csrf: Mt5GbylG6WW1L8mhRKmEkGglgmzwhvyu
2026-09-21 16:17:43,472 | Testing code 0946...
2026-09-21 16:17:43,472 | Code failed!
2026-09-21 16:17:44,626 | Testing code 0947...
2026-09-21 16:17:44,626 | Code failed!
2026-09-21 16:17:44,630 | [Cycle 474] 4.64s | index atual: 948 | csrf: cqnuk5P3kX3J1iPKEtkFQlzKJFupyftx
2026-09-21 16:17:48,185 | Testing code 0948...
2026-09-21 16:17:48,185 | Code failed!
2026-09-21 16:17:49,336 | Testing code 0949...
2026-09-21 16:17:49,336 | Code failed!
2026-09-21 16:17:49,340 | [Cycle 475] 4.71s | index atual: 950 | csrf: WXSPRUdXnZRdU5b5TcsZG6uXluljLap1
2026-09-21 16:17:52,809 | Testing code 0950...
2026-09-21 16:17:52,809 | Code failed!
2026-09-21 16:17:53,950 | Testing code 0951...
2026-09-21 16:17:53,951 | Code failed!
2026-09-21 16:17:53,954 | [Cycle 476] 4.61s | index atual: 952 | csrf: oCo9b9uzEprY7mzsux5WiUjXKpHC8Y8V
2026-09-21 16:17:57,357 | Testing code 0952...
2026-09-21 16:17:57,357 | Code failed!
2026-09-21 16:17:58,527 | Testing code 0953...
2026-09-21 16:17:58,527 | Code failed!
2026-09-21 16:17:58,531 | [Cycle 477] 4.58s | index atual: 954 | csrf: PZv3Pr7YL4AV3E4nKvD8fgK4VGcBk8cU
2026-09-21 16:18:01,975 | Testing code 0954...
2026-09-21 16:18:01,975 | Code failed!
2026-09-21 16:18:03,114 | Testing code 0955...
2026-09-21 16:18:03,114 | Code failed!
2026-09-21 16:18:03,118 | [Cycle 478] 4.59s | index atual: 956 | csrf: 8zkH7JROA5NQL42c8fCNTwkqBFaRUm7J
2026-09-21 16:18:06,613 | Testing code 0956...
2026-09-21 16:18:06,613 | Code failed!
2026-09-21 16:18:07,748 | Testing code 0957...
2026-09-21 16:18:07,748 | Code failed!
2026-09-21 16:18:07,752 | [Cycle 479] 4.63s | index atual: 958 | csrf: cWSeAkcoMuAvvfg7KB35VlyPwT1cHBSY
2026-09-21 16:18:11,268 | Testing code 0958...
2026-09-21 16:18:11,269 | Code failed!
2026-09-21 16:18:12,396 | Testing code 0959...
2026-09-21 16:18:12,396 | Code failed!
2026-09-21 16:18:12,399 | [Cycle 480] 4.65s | index atual: 960 | csrf: JFRFRmTYJzUUkEmdMhlekunocNTxkU10
2026-09-21 16:18:15,837 | Testing code 0960...
2026-09-21 16:18:15,837 | Code failed!
2026-09-21 16:18:17,006 | Testing code 0961...
2026-09-21 16:18:17,007 | Code failed!
2026-09-21 16:18:17,010 | [Cycle 481] 4.61s | index atual: 962 | csrf: XhogWCSDpp8Po9TKx7Iq6lMXLf9uY0Pt
2026-09-21 16:18:20,529 | Testing code 0962...
2026-09-21 16:18:20,529 | Code failed!
2026-09-21 16:18:21,682 | Testing code 0963...
2026-09-21 16:18:21,683 | Code failed!
2026-09-21 16:18:21,686 | [Cycle 482] 4.68s | index atual: 964 | csrf: 8GGay751uz9pA6yaB2DY66h4orWvM76R
2026-09-21 16:18:25,146 | Testing code 0964...
2026-09-21 16:18:25,146 | Code failed!
2026-09-21 16:18:26,285 | Testing code 0965...
2026-09-21 16:18:26,286 | Code failed!
2026-09-21 16:18:26,289 | [Cycle 483] 4.60s | index atual: 966 | csrf: g5JHK4XQ46pEz9qzIJ3PXY4jqOgHuRJx
2026-09-21 16:18:29,693 | Testing code 0966...
2026-09-21 16:18:29,693 | Code failed!
2026-09-21 16:18:30,831 | Testing code 0967...
2026-09-21 16:18:30,832 | Code failed!
2026-09-21 16:18:30,835 | [Cycle 484] 4.55s | index atual: 968 | csrf: Abk7FWKpmwhiUilGdLYx64rhojnDGrEL
2026-09-21 16:18:34,224 | Testing code 0968...
2026-09-21 16:18:34,224 | Code failed!
2026-09-21 16:18:35,362 | Testing code 0969...
2026-09-21 16:18:35,363 | Code failed!
2026-09-21 16:18:35,366 | [Cycle 485] 4.53s | index atual: 970 | csrf: 0V5LVx1IR50aOdOkIGqyjgNKCCGOX7Yt
2026-09-21 16:18:38,805 | Testing code 0970...
2026-09-21 16:18:38,805 | Code failed!
2026-09-21 16:18:39,938 | Testing code 0971...
2026-09-21 16:18:39,938 | Code failed!
2026-09-21 16:18:39,941 | [Cycle 486] 4.58s | index atual: 972 | csrf: f7X6YvxkhgSTyegxpLDXr8WxmmGwOTLe
2026-09-21 16:18:43,305 | Testing code 0972...
2026-09-21 16:18:43,305 | Code failed!
2026-09-21 16:18:44,466 | Testing code 0973...
2026-09-21 16:18:44,466 | Code failed!
2026-09-21 16:18:44,469 | [Cycle 487] 4.53s | index atual: 974 | csrf: 8axoDOLrTeEJud9oQFKwDLHQ5itC5HPJ
2026-09-21 16:18:47,870 | Testing code 0974...
2026-09-21 16:18:47,870 | Code failed!
2026-09-21 16:18:49,031 | Testing code 0975...
2026-09-21 16:18:49,031 | Code failed!
2026-09-21 16:18:49,034 | [Cycle 488] 4.57s | index atual: 976 | csrf: W6sLmoGlohCTUSSvG2JCPXZlqIEvSH5H
2026-09-21 16:18:52,465 | Testing code 0976...
2026-09-21 16:18:52,465 | Code failed!
2026-09-21 16:18:53,646 | Testing code 0977...
2026-09-21 16:18:53,647 | Code failed!
2026-09-21 16:18:53,650 | [Cycle 489] 4.62s | index atual: 978 | csrf: fQVrFOhDjHueS03RcDRW0TWgoNQfq5ga
2026-09-21 16:18:57,036 | Testing code 0978...
2026-09-21 16:18:57,036 | Code failed!
2026-09-21 16:18:58,195 | Testing code 0979...
2026-09-21 16:18:58,195 | Code failed!
2026-09-21 16:18:58,199 | [Cycle 490] 4.55s | index atual: 980 | csrf: 5izH206u0WU3q6K90B2o4Jv0Wt3ZghL6
2026-09-21 16:19:01,560 | Testing code 0980...
2026-09-21 16:19:01,560 | Code failed!
2026-09-21 16:19:02,713 | Testing code 0981...
2026-09-21 16:19:02,713 | Code failed!
2026-09-21 16:19:02,716 | [Cycle 491] 4.52s | index atual: 982 | csrf: 4CN122pO4pvUGw7aIg87dpxEgU2oyLm3
2026-09-21 16:19:06,107 | Testing code 0982...
2026-09-21 16:19:06,107 | Code failed!
2026-09-21 16:19:07,220 | Testing code 0983...
2026-09-21 16:19:07,220 | Code failed!
2026-09-21 16:19:07,223 | [Cycle 492] 4.51s | index atual: 984 | csrf: BNB7OIjIIDTahdmiZ6CAbkodwGZPDvGs
2026-09-21 16:19:10,638 | Testing code 0984...
2026-09-21 16:19:10,638 | Code failed!
2026-09-21 16:19:11,773 | Testing code 0985...
2026-09-21 16:19:11,774 | Code failed!
2026-09-21 16:19:11,777 | [Cycle 493] 4.55s | index atual: 986 | csrf: Zj6S9glTo8ZZnYiNPrePrHGyU6wpXgr5
2026-09-21 16:19:15,231 | Testing code 0986...
2026-09-21 16:19:15,232 | Code failed!
2026-09-21 16:19:16,391 | Testing code 0987...
2026-09-21 16:19:16,392 | Code failed!
2026-09-21 16:19:16,395 | [Cycle 494] 4.62s | index atual: 988 | csrf: BdiXv1BEWfqRs338gASGPAhzwwBAoGbm
2026-09-21 16:19:19,834 | Testing code 0988...
2026-09-21 16:19:19,834 | Code failed!
2026-09-21 16:19:20,955 | Testing code 0989...
2026-09-21 16:19:20,955 | Code failed!
2026-09-21 16:19:20,958 | [Cycle 495] 4.56s | index atual: 990 | csrf: E18rglTsSATUrVKVfxRZ5GJjj8jHq904
2026-09-21 16:19:24,384 | Testing code 0990...
2026-09-21 16:19:24,384 | Code failed!
2026-09-21 16:19:25,573 | Testing code 0991...
2026-09-21 16:19:25,574 | Code failed!
2026-09-21 16:19:25,577 | [Cycle 496] 4.62s | index atual: 992 | csrf: xrkl6R3plEBhBKKA3b0qt6Y5IFTIMupa
2026-09-21 16:19:28,926 | Testing code 0992...
2026-09-21 16:19:28,926 | Code failed!
2026-09-21 16:19:30,048 | Testing code 0993...
2026-09-21 16:19:30,049 | Code failed!
2026-09-21 16:19:30,052 | [Cycle 497] 4.47s | index atual: 994 | csrf: R98rc5ihLeOjC2cZqJWcvSPXNiBJRvkn
2026-09-21 16:19:33,485 | Testing code 0994...
2026-09-21 16:19:33,485 | Code failed!
2026-09-21 16:19:34,625 | Testing code 0995...
2026-09-21 16:19:34,625 | Code failed!
2026-09-21 16:19:34,628 | [Cycle 498] 4.58s | index atual: 996 | csrf: jAhR04VAQOoddmEr2unfube9fxgCyTjM
2026-09-21 16:19:38,066 | Testing code 0996...
2026-09-21 16:19:38,066 | Code failed!
2026-09-21 16:19:39,223 | Testing code 0997...
2026-09-21 16:19:39,223 | Code failed!
2026-09-21 16:19:39,226 | [Cycle 499] 4.60s | index atual: 998 | csrf: H9AoaIKaBYBNr3KVUjGGoXw30TvdfEzE
2026-09-21 16:19:42,615 | Testing code 0998...
2026-09-21 16:19:42,615 | Code failed!
2026-09-21 16:19:43,743 | Testing code 0999...
2026-09-21 16:19:43,744 | Code failed!
2026-09-21 16:19:43,747 | [Cycle 500] 4.52s | index atual: 1000 | csrf: 7lbwF2FGjxC7jDlj1EZla6ti6TJxBHlY
2026-09-21 16:19:47,210 | Testing code 1000...
2026-09-21 16:19:47,210 | Code failed!
2026-09-21 16:19:48,330 | Testing code 1001...
2026-09-21 16:19:48,331 | Code failed!
2026-09-21 16:19:48,334 | [Cycle 501] 4.59s | index atual: 1002 | csrf: xd4JNXex9hnhzCkTz9ccdme9BfuuH2XW
2026-09-21 16:19:51,736 | Testing code 1002...
2026-09-21 16:19:51,736 | Code failed!
2026-09-21 16:19:52,860 | Testing code 1003...
2026-09-21 16:19:52,860 | Code failed!
2026-09-21 16:19:52,864 | [Cycle 502] 4.53s | index atual: 1004 | csrf: L0HeI3yokGaa81Dwlu1rKcrvMTKCAB1D
2026-09-21 16:19:56,307 | Testing code 1004...
2026-09-21 16:19:56,308 | Code failed!
2026-09-21 16:19:57,438 | Testing code 1005...
2026-09-21 16:19:57,438 | Code failed!
2026-09-21 16:19:57,442 | [Cycle 503] 4.58s | index atual: 1006 | csrf: 7NNCdobl7AOdXTi0VW1YGIt3a524KeFb
2026-09-21 16:20:00,832 | Testing code 1006...
2026-09-21 16:20:00,833 | Code failed!
2026-09-21 16:20:02,020 | Testing code 1007...
2026-09-21 16:20:02,021 | Code failed!
2026-09-21 16:20:02,024 | [Cycle 504] 4.58s | index atual: 1008 | csrf: 9IHshe4EvRWY5aIg4cD2z9uOk7juAA2V
2026-09-21 16:20:05,401 | Testing code 1008...
2026-09-21 16:20:05,401 | Code failed!
2026-09-21 16:20:06,570 | Testing code 1009...
2026-09-21 16:20:06,570 | Code failed!
2026-09-21 16:20:06,573 | [Cycle 505] 4.55s | index atual: 1010 | csrf: 1eIKusjIKhSGTagw30sGtQ0YyDQGpF7e
2026-09-21 16:20:09,939 | Testing code 1010...
2026-09-21 16:20:09,940 | Code failed!
2026-09-21 16:20:11,095 | Testing code 1011...
2026-09-21 16:20:11,095 | Code failed!
2026-09-21 16:20:11,098 | [Cycle 506] 4.53s | index atual: 1012 | csrf: Ci1YlIZA28ahRlbz2mWIkHJkinX7AikU
2026-09-21 16:20:14,483 | Testing code 1012...
2026-09-21 16:20:14,483 | Code failed!
2026-09-21 16:20:15,645 | Testing code 1013...
2026-09-21 16:20:15,646 | Code failed!
2026-09-21 16:20:15,649 | [Cycle 507] 4.55s | index atual: 1014 | csrf: t4yUnoeFiNtwytv5Tvnsl0qsr8OdTBGX
2026-09-21 16:20:19,063 | Testing code 1014...
2026-09-21 16:20:19,063 | Code failed!
2026-09-21 16:20:20,260 | Testing code 1015...
2026-09-21 16:20:20,260 | Code failed!
2026-09-21 16:20:20,263 | [Cycle 508] 4.61s | index atual: 1016 | csrf: uxkLYKwxd0CyyiELFWp4DKwGRdHZ0gJ7
2026-09-21 16:20:23,663 | Testing code 1016...
2026-09-21 16:20:23,664 | Code failed!
2026-09-21 16:20:24,839 | Testing code 1017...
2026-09-21 16:20:24,839 | Code failed!
2026-09-21 16:20:24,843 | [Cycle 509] 4.58s | index atual: 1018 | csrf: Wmjmt5qfL1q5XoJJFE44j3VS6pJQWknc
2026-09-21 16:20:28,309 | Testing code 1018...
2026-09-21 16:20:28,309 | Code failed!
2026-09-21 16:20:29,475 | Testing code 1019...
2026-09-21 16:20:29,475 | Code failed!
2026-09-21 16:20:29,479 | [Cycle 510] 4.64s | index atual: 1020 | csrf: Hu3QGZq7E0le7Y2LvRkiCDWuCZPkUe9c
2026-09-21 16:20:32,917 | Testing code 1020...
2026-09-21 16:20:32,917 | Code failed!
2026-09-21 16:20:34,062 | Testing code 1021...
2026-09-21 16:20:34,062 | Code failed!
2026-09-21 16:20:34,065 | [Cycle 511] 4.59s | index atual: 1022 | csrf: edrNOukvgsVXcuLSVRR8wNlk1TW0NDCd
2026-09-21 16:20:37,608 | Testing code 1022...
2026-09-21 16:20:37,608 | Code failed!
2026-09-21 16:20:38,730 | Testing code 1023...
2026-09-21 16:20:38,730 | Code failed!
2026-09-21 16:20:38,733 | [Cycle 512] 4.67s | index atual: 1024 | csrf: 6p9chsc6LxG6S7CKmTJh532VuSRpr7uH
2026-09-21 16:20:42,198 | Testing code 1024...
2026-09-21 16:20:42,198 | Code failed!
2026-09-21 16:20:43,389 | Testing code 1025...
2026-09-21 16:20:43,389 | Code failed!
2026-09-21 16:20:43,392 | [Cycle 513] 4.66s | index atual: 1026 | csrf: EAlzRBkF56IYXiEqLD78Xo68SXuuj4xg
2026-09-21 16:20:46,765 | Testing code 1026...
2026-09-21 16:20:46,766 | Code failed!
2026-09-21 16:20:47,941 | Testing code 1027...
2026-09-21 16:20:47,941 | Code failed!
2026-09-21 16:20:47,945 | [Cycle 514] 4.55s | index atual: 1028 | csrf: qslNWEDpGaF0dTByEOnBQxw0ZZaN7jqV
2026-09-21 16:20:51,328 | Testing code 1028...
2026-09-21 16:20:51,329 | Code failed!
2026-09-21 16:20:52,468 | Testing code 1029...
2026-09-21 16:20:52,469 | Code failed!
2026-09-21 16:20:52,472 | [Cycle 515] 4.53s | index atual: 1030 | csrf: Si10r8GbaQQJeDrydeqh1VwsXGRzFcsk
2026-09-21 16:20:56,022 | Testing code 1030...
2026-09-21 16:20:56,022 | Code failed!
2026-09-21 16:20:57,170 | Testing code 1031...
2026-09-21 16:20:57,171 | Code failed!
2026-09-21 16:20:57,174 | [Cycle 516] 4.70s | index atual: 1032 | csrf: rsRE0nmjUcD0E02tyxTiLi34cQUtBd8J
2026-09-21 16:21:00,679 | Testing code 1032...
2026-09-21 16:21:00,679 | Code failed!
2026-09-21 16:21:01,858 | Testing code 1033...
2026-09-21 16:21:01,858 | Code failed!
2026-09-21 16:21:01,861 | [Cycle 517] 4.69s | index atual: 1034 | csrf: pirNrn9zCVxnYc4Rxn29viG9oTBRnttA
2026-09-21 16:21:05,351 | Testing code 1034...
2026-09-21 16:21:05,351 | Code failed!
2026-09-21 16:21:06,487 | Testing code 1035...
2026-09-21 16:21:06,488 | Code failed!
2026-09-21 16:21:06,491 | [Cycle 518] 4.63s | index atual: 1036 | csrf: veodZQbmsHPYI9JE5IevIyWu1gob9nTP
2026-09-21 16:21:10,040 | Testing code 1036...
2026-09-21 16:21:10,040 | Code failed!
2026-09-21 16:21:11,203 | Testing code 1037...
2026-09-21 16:21:11,203 | Code failed!
2026-09-21 16:21:11,207 | [Cycle 519] 4.72s | index atual: 1038 | csrf: iOXI5HOIXrzAx6ojCcLfavquMxMuZHCB
2026-09-21 16:21:14,724 | Testing code 1038...
2026-09-21 16:21:14,724 | Code failed!
2026-09-21 16:21:15,896 | Testing code 1039...
2026-09-21 16:21:15,896 | Code failed!
2026-09-21 16:21:15,899 | [Cycle 520] 4.69s | index atual: 1040 | csrf: SRVHHQXYRzjC3JWhVqsyBW91VbSUJEKs
2026-09-21 16:21:19,422 | Testing code 1040...
2026-09-21 16:21:19,422 | Code failed!
2026-09-21 16:21:20,634 | Testing code 1041...
2026-09-21 16:21:20,634 | Code failed!
2026-09-21 16:21:20,638 | [Cycle 521] 4.74s | index atual: 1042 | csrf: SdpgKbGknuadoszHhA5YNlupLKVMoWDp
2026-09-21 16:21:24,036 | Testing code 1042...
2026-09-21 16:21:24,037 | Code failed!
2026-09-21 16:21:25,163 | Testing code 1043...
2026-09-21 16:21:25,163 | Code failed!
2026-09-21 16:21:25,167 | [Cycle 522] 4.53s | index atual: 1044 | csrf: u4FvFlJuVrPDfBInB3zNNGhRWetmkRoC
2026-09-21 16:21:28,588 | Testing code 1044...
2026-09-21 16:21:28,589 | Code failed!
2026-09-21 16:21:29,728 | Testing code 1045...
2026-09-21 16:21:29,728 | Code failed!
2026-09-21 16:21:29,731 | [Cycle 523] 4.56s | index atual: 1046 | csrf: 881y7Kdev2HVKRWPD3Aih4P9IjJzayaF
2026-09-21 16:21:33,194 | Testing code 1046...
2026-09-21 16:21:33,194 | Code failed!
2026-09-21 16:21:34,342 | Testing code 1047...
2026-09-21 16:21:34,342 | Code failed!
2026-09-21 16:21:34,346 | [Cycle 524] 4.61s | index atual: 1048 | csrf: f1564Vn31iFhEVnrVL3hWGiKAl7KTahC
2026-09-21 16:21:37,830 | Testing code 1048...
2026-09-21 16:21:37,831 | Code failed!
2026-09-21 16:21:38,950 | Testing code 1049...
2026-09-21 16:21:38,950 | Code failed!
2026-09-21 16:21:38,954 | [Cycle 525] 4.61s | index atual: 1050 | csrf: XEixdZi2VWFeFLLZAloKUthamyb7Qw71
2026-09-21 16:21:42,378 | Testing code 1050...
2026-09-21 16:21:42,378 | Code failed!
2026-09-21 16:21:43,502 | Testing code 1051...
2026-09-21 16:21:43,502 | Code failed!
2026-09-21 16:21:43,506 | [Cycle 526] 4.55s | index atual: 1052 | csrf: PJKMdr3AurL16T4l2CqfocGBU1e0fmHk
2026-09-21 16:21:46,898 | Testing code 1052...
2026-09-21 16:21:46,899 | Code failed!
2026-09-21 16:21:48,026 | Testing code 1053...
2026-09-21 16:21:48,026 | Code failed!
2026-09-21 16:21:48,029 | [Cycle 527] 4.52s | index atual: 1054 | csrf: UEW6vOZzpikP16mAUQjnyoAec31r8cSX
2026-09-21 16:21:51,421 | Testing code 1054...
2026-09-21 16:21:51,421 | Code failed!
2026-09-21 16:21:52,560 | Testing code 1055...
2026-09-21 16:21:52,560 | Code failed!
2026-09-21 16:21:52,563 | [Cycle 528] 4.53s | index atual: 1056 | csrf: rCkfzZ9ftvqDBrCnhLT08evf3gFL8z16
2026-09-21 16:21:55,993 | Testing code 1056...
2026-09-21 16:21:55,993 | Code failed!
2026-09-21 16:21:57,169 | Testing code 1057...
2026-09-21 16:21:57,169 | Code failed!
2026-09-21 16:21:57,172 | [Cycle 529] 4.61s | index atual: 1058 | csrf: J5aYOTFhGhR3cQVymrPQvyx6dIrpApH8
2026-09-21 16:22:00,635 | Testing code 1058...
2026-09-21 16:22:00,635 | Code failed!
2026-09-21 16:22:01,775 | Testing code 1059...
2026-09-21 16:22:01,775 | Code failed!
2026-09-21 16:22:01,779 | [Cycle 530] 4.61s | index atual: 1060 | csrf: O6lme7ccrwcjsGxB2vn5G1siL1slPykV
2026-09-21 16:22:05,181 | Testing code 1060...
2026-09-21 16:22:05,181 | Code failed!
2026-09-21 16:22:06,311 | Testing code 1061...
2026-09-21 16:22:06,311 | Success! Code: 1061
2026-09-21 16:22:07,508 | [/my-account] status: 200 | confirmed: True
2026-09-21 16:22:07,512 | [Cycle 531] 5.73s | index atual: None | csrf: None
2026-09-21 16:22:07,512 | Authenticated session cookie: UoRaCCbmGu6YjaA8CJHkKlHMjGqUsxpL
2026-09-21 22:06:05,105 | Testing code 0000...
2026-09-21 22:06:05,105 | Code failed!
2026-09-21 22:06:06,474 | Testing code 0001...
2026-09-21 22:06:06,474 | Code failed!
2026-09-21 22:06:06,474 | [Cycle 1] 5.12s | index atual: 2 | csrf: FbqpGUnMSyp43Oq6V6mmJQvHXy59AVoL
